Order,Len,Len_c,Semantic_closeness,Semantic_closeness_c,Lexical_frequency,Lexical_frequency_c,Predictability,Predictability_c,Pronominality,Verb,Position
1,-1,-1,0.035996741273567445,1,-4.63032e-08,-1,-0.0026876384170211876,-1,0,צדק,Preverbal
1,2,1,-0.22960988160677065,-1,1.9554116e-06,1,-0.00477875071180589,-1,0,הלך,Preverbal
1,-10,-1,0.050727567757898995,1,-1.3467100000000005e-07,-1,-0.01408470747208529,-1,0,פרץ,Preverbal
1,-1,-1,-0.25111446864652454,-1,-2.60826e-07,-1,-0.007429010577253314,-1,0,המשיך,Preverbal
1,0,0,-0.1562521495521383,-1,6.2436659999999995e-06,1,-0.0023968422196400385,-1,0,זכה,Preverbal
1,-2,-1,-0.1171833609646304,-1,-1.7864744000000003e-06,-1,-0.010680340274538458,-1,0,בגד,Preverbal
1,3,1,-0.09839904133018482,-1,6.854999999999996e-07,1,-0.05807554974815038,-1,0,גמל,Preverbal
1,3,1,-0.004518220669641554,-1,6.731610000000001e-07,1,-0.005757353223469319,-1,0,שרר,Preverbal
1,-1,-1,-0.10317945603889835,-1,-6.467921e-06,-1,-0.017164906861512896,-1,0,הורשע,Preverbal
1,-2,-1,-0.14672510029139466,-1,-9.0294e-06,-1,-0.026309571847273727,-1,1,עמד,Preverbal
1,-2,-1,0.0015615761715773446,1,-7.056708e-07,-1,-0.015348009601454438,-1,0,בעט,Preverbal
1,-4,-1,0.019433828935831884,1,5.175060000000001e-07,1,-0.05269335113959345,-1,0,נידון,Preverbal
1,0,0,-0.14235736510596522,-1,6.686210000000001e-08,1,0.052138312582394986,1,0,היה,Preverbal
1,1,1,-0.0504422885002173,-1,-2.034107e-07,-1,-0.06354511645625432,-1,0,אמר,Preverbal
1,-2,-1,0.04773017078463605,1,3.93495e-06,1,-0.007816702314910662,-1,0,הושקע,Preverbal
1,-15,-1,0.09924832313853374,1,-8.830218e-06,-1,-0.003159171932299254,-1,0,שולב,Preverbal
1,-7,-1,0.05422870462894486,1,4.593570000000001e-06,1,0.04372742928577128,1,0,יזם,Preverbal
1,-20,-1,-0.06699548536422564,-1,-6.239999999999929e-11,-1,-0.022721250661750014,-1,0,הסתבך,Preverbal
1,0,0,0.03118699712837901,1,1.1030609e-06,1,0.0029350912792105444,1,0,נרשם,Preverbal
1,0,0,0.03160066587907831,1,-2.77751e-06,-1,-0.0011694070717023775,-1,0,ביקר,Preverbal
1,-1,-1,-0.1609054700094674,-1,4.499040000000001e-06,1,0.03645606888394631,1,1,הגיש,Preverbal
0,6,1,-0.058755358597421176,-1,8.011020000000002e-07,1,0.002601710808722457,1,0,הציג,Preverbal
0,9,1,-0.0007042615836675148,-1,3.8273750000000003e-07,1,0.015215032228021008,1,0,דייק,Preverbal
0,2,1,0.058696918528885846,1,-2.2012776e-05,-1,-0.004965447278810098,-1,0,סגר,Preverbal
0,-1,-1,-0.0937474470986465,-1,8.666200000000004e-08,1,0.050150413560041296,1,1,שלח,Preverbal
0,-3,-1,-0.19933394517613873,-1,2.5758000000000006e-07,1,0.013462374813436262,1,1,נחשב,Preverbal
0,1,1,-0.017618765453614266,-1,6.738465e-06,1,-0.028334547502277596,-1,0,ביקר,Preverbal
0,1,1,0.18758904245748967,1,-6.414600000000001e-07,-1,0.0004935256065805027,1,-1,היה,Preverbal
0,2,1,0.2051715929063626,1,-0.0045608656,-1,-0.003044557931410452,-1,-1,הבטיח,Preverbal
0,0,0,-0.10462626284050675,-1,1.2377088000000002e-06,1,-0.01797164760560671,-1,0,עמד,Preverbal
0,-1,-1,-0.048279417641528516,-1,-9.126966e-06,-1,-0.06544337897636676,-1,1,האמין,Preverbal
0,-3,-1,-0.05892151059012367,-1,0.004547607,1,-0.004754620722822567,-1,0,פוצץ,Preverbal
0,-1,-1,0.0833737017266536,1,1.9797600000000003e-06,1,0.0759109394735793,1,0,התברר,Preverbal
0,-3,-1,-0.2664125420655039,-1,2.6747379999999998e-06,1,0.044844433871236766,1,0,סוכם,Preverbal
0,0,0,-0.08209810750042686,-1,4.5563166e-06,1,0.002103907558547391,1,0,זרם,Preverbal
0,-1,-1,-0.04224110269240278,-1,2.2219340000000002e-05,1,0.029342995770196945,1,0,ציין,Preverbal
0,-2,-1,0.041625994326730587,1,-2.171664e-05,-1,0.015442881059350488,1,0,שילם,Preverbal
0,16,1,0.2960768716152439,1,-8.156000000000001e-07,-1,-0.002221468757172107,-1,-1,קיים,Preverbal
0,11,1,-0.17537685527342872,-1,-9.980999999999999e-08,-1,0.027944427932921012,1,0,פנה,Preverbal
0,2,1,0.04374526612324296,1,7.3753e-08,1,0.08517305196002073,1,0,הסתמך,Preverbal
0,-3,-1,0.10955942651737449,1,1.6588080000000001e-06,1,-0.03547251275795493,-1,0,אין,Preverbal
0,2,1,0.05620323651747437,1,3.162e-08,1,0.006591668918898119,1,0,התגייס,Preverbal
1,1,1,0.04959255482065175,1,-4.36389238e-05,-1,-0.010150182930168394,-1,1,חבט,Postverbal
1,-3,-1,-0.006000770406888109,-1,-6.510300000000001e-07,-1,0.008157765740293976,1,0,הכה,Postverbal
1,-4,-1,0.08646243278312715,1,-2.0836001e-06,-1,0.003655581696618615,1,0,נשמע,Postverbal
1,1,1,-0.2107838884724797,-1,1.1596100000000002e-06,1,0.007096020327224117,1,0,דיווח,Postverbal
1,9,1,-0.06896222738939858,-1,-2.89738e-07,-1,-0.0042994543796624485,-1,0,נפצע,Postverbal
1,0,0,-0.07090686650676405,-1,6.440044e-06,1,-0.0013163874436833978,-1,0,החל,Postverbal
1,18,1,-0.07388976385544482,-1,2.63822e-07,1,0.02749008093991334,1,0,דוווח,Postverbal
1,4,1,0.0,0,0.0,0,0.0,0,0,התקיים,Postverbal
1,5,1,0.016215895523230495,1,-5.635400000000003e-08,-1,-0.002886981137507072,-1,0,הושם,Postverbal
1,0,0,-0.2147266308071828,-1,-7.274447000000001e-07,-1,-0.011910691507184767,-1,0,הוכה,Postverbal
1,5,1,-0.0030292647047526766,-1,5.07727e-06,1,-0.0009426049540461334,-1,0,אושפז,Postverbal
1,3,1,0.21637604115272274,1,1.3060930000000003e-07,1,-0.0032752849746611745,-1,0,הושלך,Postverbal
1,1,1,-0.005815872337876268,-1,-3.81138e-06,-1,0.007702930724502677,1,0,נפצע,Postverbal
1,-2,-1,-0.017883797637547688,-1,3.39264e-06,1,0.010158891110274293,1,0,הודיע,Postverbal
1,0,0,0.16225914286547194,1,-1.5415770000000002e-07,-1,0.004645016387186229,1,0,דיווח,Postverbal
1,2,1,-0.12746917343422512,-1,6.7046469999999995e-06,1,-0.01762862169252144,-1,0,התרחש,Postverbal
1,-2,-1,0.005775494821880056,1,-5.625007700000001e-06,-1,0.001676251613288271,1,0,הושלך,Postverbal
1,2,1,0.015217743238914422,1,1.8599892920000002e-07,1,0.00015899835463500933,1,0,ירד,Postverbal
1,0,0,0.02350151678589668,1,-8.733270000000001e-07,-1,0.002453700228468858,1,0,הותקף,Postverbal
1,5,1,-0.12273995773755139,-1,6.600775e-06,1,-0.001197111164123743,-1,0,אושפז,Postverbal
1,13,1,0.23987149105836478,1,-4.186900000000001e-09,-1,0.018097192523030214,1,0,נזרק,Postverbal
1,16,1,-0.16969140012818423,-1,-3.0195e-08,-1,-0.003512288831589161,-1,0,נידון,Postverbal
1,5,1,-0.029948592068107988,-1,-1.0918859999999999e-05,-1,-0.00514225603117191,-1,1,הצטרף,Postverbal
1,-2,-1,-0.09137205274549642,-1,-6.169499308000001e-07,-1,-0.0016208030192038647,-1,0,נתפס,Postverbal
1,-10,-1,0.002854758068098248,1,-3.699872e-05,-1,0.0006190243549875629,1,0,עקר,Postverbal
1,1,1,0.2743192719041395,1,-6.357600000000001e-06,-1,-0.003214613175447467,-1,1,חיפש,Postverbal
1,12,1,-0.05187159881471917,-1,-4.2889298999999996e-07,-1,0.00045826567248685723,1,0,הסיט,Postverbal
1,3,1,0.009803883154635235,1,6.151800000000001e-08,1,0.0001894389430983634,1,0,עלה,Postverbal
1,1,1,9.080316640919239e-05,1,-4.554462e-06,-1,-0.0040185303117928894,-1,0,הפך,Postverbal
1,2,1,-0.040962225284303794,-1,-0.00022346042,-1,-0.0013298120398054225,-1,1,הסתובב,Postverbal
1,5,1,-0.2545800905544331,-1,-1.0002339999999998e-05,-1,0.0005910980985403547,1,1,ערך,Postverbal
1,5,1,0.10211035070253881,1,0.004569563565,1,0.0015809338667235884,1,0,האשים,Postverbal
1,5,1,-0.053358059399783546,-1,1.6569e-06,1,0.0050339203256975495,1,0,נפסק,Postverbal
1,-1,-1,0.03138501470897896,1,-4.5809680000000004e-07,-1,0.0009435769841227293,1,0,פגע,Postverbal
1,6,1,-0.00500663719693395,-1,-1.0153200000000004e-07,-1,-0.004490949184978554,-1,0,חיפש,Postverbal
1,1,1,-0.025677278318704852,-1,-1.0734930000000002e-06,-1,0.004434540677056231,1,0,פגע,Postverbal
1,-2,-1,0.10126759777067315,1,-9.140000000000009e-08,-1,-0.006093752920832252,-1,0,התפרע,Postverbal
1,6,1,-0.019634181911408935,-1,9.442562999999999e-07,1,0.00031104131498815857,1,0,פעל,Postverbal
1,15,1,0.02782070880263568,1,-4.6111300000000006e-07,-1,0.010129653182998632,1,0,עמד,Postverbal
1,2,1,-0.06862589201181635,-1,1.01045e-05,1,-0.003836630958330589,-1,0,רץ,Postverbal
1,2,1,-0.021778154436680797,-1,5.2894e-09,1,-4.1448005511424135e-05,-1,0,בא,Postverbal
1,4,1,-0.003336499225141648,-1,-5.4383e-07,-1,0.0006839712003391951,1,0,_,Postverbal
1,13,1,0.2204799297930249,1,-3.6411400000000016e-08,-1,-0.0031767325076740294,-1,0,השקיף,Postverbal
1,-1,-1,-0.08219975551753866,-1,1.463715e-06,1,0.0075041105799163454,1,0,איבד,Postverbal
1,5,1,-0.09996603864194326,-1,-4.6587662400000005e-06,-1,0.005714995674027723,1,0,פרח,Postverbal
1,1,1,-0.034399581201187246,-1,-4.1943460000000007e-05,-1,-0.0027521264595096184,-1,1,ישב,Postverbal
1,-3,-1,0.029867909751495267,1,1.4212699999999999e-06,1,-0.003081228234751987,-1,0,הקים,Postverbal
1,0,0,0.1499774657312414,1,7.68625e-07,1,-0.006783375917420842,-1,0,הגיע,Postverbal
1,6,1,-0.0383327137612552,-1,-3.1286000000000006e-07,-1,0.002768098557154708,1,0,הילך,Postverbal
1,17,1,-0.24943665699466935,-1,2.3157487999999997e-05,1,0.011752502893504824,1,-1,נולד,Postverbal
1,6,1,-0.021225400005108877,-1,3.1714120000000006e-07,1,-0.0018307018800014507,-1,0,נפטר,Postverbal
1,2,1,-0.09971155020718503,-1,-1.2817300000000001e-06,-1,-0.0030887768294879936,-1,0,אמר,Postverbal
1,4,1,0.14449180711874116,1,-4.2830040000000004e-05,-1,-0.006838567777767257,-1,1,עבר,Postverbal
1,3,1,0.07004531094651092,1,-8.583379999999998e-06,-1,-0.020228515236797695,-1,1,נותר,Postverbal
1,9,1,-0.15549853915171136,-1,-1.3084560000000004e-07,-1,0.0020502792605211484,1,0,סבר,Postverbal
1,-2,-1,0.0200733964104374,1,-3.8663999999999997e-07,-1,0.004688857032427718,1,0,השתמש,Postverbal
1,14,1,-0.01950942154298299,-1,-6.5838076e-06,-1,0.0024083439057486777,1,0,לן,Postverbal
1,7,1,0.4287868380637549,1,-3.93815e-06,-1,-0.011117670335669128,-1,1,השאיר,Postverbal
1,2,1,-0.07542230365317976,-1,3.1740399999999994e-06,1,-0.0010473427933773705,-1,0,שילח,Postverbal
1,1,1,0.006554423635089346,1,-6.558864e-06,-1,0.003141022687620898,1,0,נשאר,Postverbal
1,0,0,0.011697098841247769,1,-4.3643499543000005e-05,-1,-0.006152312085074718,-1,1,הביט,Postverbal
1,0,0,-0.00306823285865912,-1,-4.8346e-06,-1,-0.0065695611221830985,-1,0,נגס,Postverbal
1,-2,-1,-0.4500080448239705,-1,-0.00070790448,-1,0.0021375702724118484,1,-1,עשה,Postverbal
1,1,1,0.07015581548486247,1,-4.069128e-05,-1,-0.040867341884267494,-1,1,ירה,Postverbal
1,-3,-1,-0.08715733490704791,-1,-6.62620531e-06,-1,-0.009371977829602696,-1,0,ייצב,Postverbal
1,-1,-1,-0.3088531833122586,-1,-0.00070792224,-1,-0.009334932936047147,-1,0,עשה,Postverbal
1,0,0,0.018151845068279937,1,-1.0020096599999998e-05,-1,-0.08988902737064414,-1,1,יש,Postverbal
1,2,1,-0.0941696071745825,-1,-0.00013754476,-1,-0.007949470937733127,-1,1,נמאס,Postverbal
1,7,1,-0.11198939360031317,-1,-8.273700000000002e-09,-1,0.003382416143643041,1,0,לגם,Postverbal
1,1,1,0.21686827440151268,1,-4.35775e-05,-1,-0.01515247308408868,-1,1,יש,Postverbal
1,13,1,0.08167519202569146,1,2.5993840000000006e-07,1,0.015614968502465632,1,0,התעלם,Postverbal
1,1,1,0.0016296402308584035,1,3.4460450000000007e-07,1,0.018259693495268126,1,0,התייחס,Postverbal
1,34,1,-0.028088042871688215,-1,1.84952e-06,1,-0.0030850391050332715,-1,0,התריס,Postverbal
1,0,0,0.03269803206629765,1,-6.310256e-06,-1,-0.0014292738074567213,-1,0,נערך,Postverbal
1,2,1,0.12472887638602212,1,0.0001106125,1,-0.022637364255905568,-1,1,הודה,Postverbal
1,0,0,-0.07061822206354176,-1,-1.5718185e-06,-1,-0.01564362632131555,-1,1,בא,Postverbal
1,0,0,-0.13368341300896078,-1,-0.00020210520000000002,-1,0.0066030338759242024,1,0,חשב,Postverbal
1,6,1,-0.11578530945558044,-1,2.47725e-05,1,0.005161215507171579,1,0,צר,Postverbal
1,0,0,0.1344919149070144,1,-7.195499999999997e-07,-1,-0.0064633274397157825,-1,1,הסיק,Postverbal
1,2,1,-0.03152221388371482,-1,4.3319944000000006e-05,1,0.0021378515909001305,1,-1,שהה,Postverbal
1,1,1,0.012353638253426752,1,1.756251e-07,1,-0.00028496587152276875,-1,0,פגע,Postverbal
1,11,1,0.11256377847064244,1,-9.750549999999998e-06,-1,-0.012730364096592894,-1,1,סיפר,Postverbal
1,0,0,-0.06203054593484236,-1,-8.38375e-07,-1,-0.005434494952870794,-1,0,רץ,Postverbal
1,3,1,-0.014070429972080328,-1,2.08584e-07,1,0.00034065384724507597,1,0,הוציא,Postverbal
1,0,0,0.17456497035001853,1,2.369400000000001e-06,1,-0.014066147178633914,-1,1,גייס,Postverbal
1,2,1,-0.1849198959756752,-1,2.7648386000000003e-05,1,0.01826951458716991,1,0,ידע,Postverbal
1,9,1,-0.20866932163927068,-1,-2.4772999999999996e-07,-1,0.00010931267686059565,1,0,קשר,Postverbal
1,2,1,0.08714618022407472,1,-9.410549999999998e-06,-1,-0.009819574257443564,-1,1,גילה,Postverbal
1,-2,-1,-0.09005102055347988,-1,-1.1627560000000002e-06,-1,-0.005116223708493184,-1,0,חלק,Postverbal
1,-1,-1,-0.0028493489737734246,-1,-4.0216e-07,-1,-0.0022716863143488752,-1,0,נאם,Postverbal
1,15,1,-0.21279669985293378,-1,8.990471999999999e-07,1,0.002488413579735005,1,0,הגיע,Postverbal
1,3,1,0.005475459540068867,1,1.633215e-07,1,-0.0013313355458835496,-1,0,זכה,Postverbal
1,14,1,0.09773913198980813,1,-2.991748e-08,-1,-0.013962964821321644,-1,0,השתמש,Postverbal
1,1,1,0.09406541162851109,1,-4.3549945000000004e-05,-1,-0.032203681880790536,-1,1,אמר,Postverbal
1,0,0,0.008044430467645358,1,-1.0555700000000001e-06,-1,-6.48728541859378e-05,-1,0,הוציא,Postverbal
1,1,1,0.006813527812271569,1,-2.0003199999999995e-07,-1,-0.006174286696791043,-1,1,ישב,Postverbal
1,4,1,0.20904532546074436,1,-2.9285179999999996e-06,-1,-0.004528634950275834,-1,1,הצביע,Postverbal
1,15,1,-0.015197664442867999,-1,-2.399249292e-07,-1,-0.011669473198086255,-1,0,שמע,Postverbal
1,-1,-1,0.051193348630617384,1,3.2172800000000006e-07,1,-0.0021015164114561724,-1,0,השאיר,Postverbal
1,-4,-1,-0.031041219033118822,-1,4.45726e-08,1,-0.009110188850497691,-1,0,הגיב,Postverbal
1,16,1,0.048545593849661846,1,-8.154600000000002e-07,-1,0.0016229538737589366,1,0,טבע,Postverbal
1,6,1,0.11030051689676285,1,-9.949694999999999e-06,-1,-0.0023663402461921446,-1,1,העניק,Postverbal
1,0,0,-0.2774749966679063,-1,-5.68596e-07,-1,0.006417450825688231,1,0,פעל,Postverbal
1,6,1,-0.19963144297849403,-1,-3.97772e-08,-1,-0.0035206387244471338,-1,0,התגלה,Postverbal
1,2,1,-0.09212465385682934,-1,-3.973905e-08,-1,0.0038068184590315246,1,0,התגלה,Postverbal
1,32,1,0.017603580589022255,1,-1.6863300000000003e-07,-1,-0.004336762438091668,-1,0,מצא,Postverbal
1,0,0,0.13246009257830677,1,-9.351139999999999e-06,-1,-0.0019834400863001367,-1,1,הודיע,Postverbal
1,5,1,0.2621543180492276,1,-9.979515e-06,-1,-0.004853169664194912,-1,1,היה,Postverbal
1,0,0,-0.04374387286374745,-1,2.454799999999999e-08,1,0.0046185789967465585,1,0,הרצה,Postverbal
1,2,1,0.11922544186140405,1,-1.843221e-06,-1,-0.00016313042275623024,-1,0,הרחיק,Postverbal
1,0,0,0.11579171875880585,1,-3.67457e-08,-1,0.0026259480677711666,1,0,עבד,Postverbal
1,0,0,-0.066696000760501,-1,-6.755998e-06,-1,0.0019504512619319958,1,0,זכה,Postverbal
1,0,0,0.2477731216746348,1,-0.000138058216,-1,-0.018657349481356666,-1,1,נכתב,Postverbal
1,0,0,-0.00878511526899542,-1,-9.569299999999998e-06,-1,-0.004100660994521388,-1,1,_,Postverbal
1,3,1,0.03733385953841262,1,-8.504313e-06,-1,-1.8967241217859865e-05,-1,0,חי,Postverbal
1,6,1,-0.11474402961781913,-1,1.2165808000000002e-05,1,0.002459359443966913,1,0,נקרא,Postverbal
1,1,1,0.046808766423485415,1,-6.782999999999999e-06,-1,-0.0025628748190275052,-1,1,אין,Postverbal
1,46,1,-0.011167588917015817,-1,-6.2991966e-06,-1,-0.012291280255824877,-1,0,נולד,Postverbal
1,4,1,0.03324088547016012,1,4.7576550000000007e-07,1,0.0004125286166559161,1,0,פרץ,Postverbal
1,3,1,-0.09425887247167275,-1,-6.280875e-06,-1,-0.00010829593634020807,-1,0,יצא,Postverbal
1,0,0,-0.2962940130919562,-1,5.2136e-07,1,-0.0012115116793668945,-1,0,נשאר,Postverbal
1,-1,-1,0.005159239403237564,1,-4.5953436000000005e-06,-1,-0.013601003670750844,-1,0,עזב,Postverbal
1,4,1,0.0014860191624287977,1,1.890152e-07,1,-9.362349428554406e-05,-1,0,שיחק,Postverbal
1,4,1,-0.0678424706620534,-1,2.8839500399999994e-06,1,0.00150571738911226,1,0,הצטרף,Postverbal
1,8,1,-0.1976786267744323,-1,1.00168e-07,1,0.005900027852332401,1,0,תיאר,Postverbal
1,-1,-1,0.050331666477388494,1,5.8898159999999995e-06,1,0.0017260814616635312,1,0,הכיר,Postverbal
1,11,1,-0.024916389552018164,-1,2.4678e-07,1,0.0010199833215998044,1,0,הופיע,Postverbal
1,1,1,0.12106810771697156,1,-0.000223442385,-1,-0.003273290329524059,-1,1,הלך,Postverbal
1,7,1,-0.0871816654274579,-1,4.906564500000001e-06,1,0.026500738484490305,1,0,נודע,Postverbal
1,-1,-1,0.060053080475761356,1,-3.67428e-08,-1,-0.004124298997148335,-1,0,קבע,Postverbal
1,1,1,-0.05412799944649448,-1,5.913400000000003e-09,1,0.01093545012754571,1,0,השתלב,Postverbal
1,8,1,-0.08020753423267897,-1,-4.93216e-07,-1,0.000864981741246551,1,0,הפקיד,Postverbal
1,0,0,0.11081377160984296,1,-2.6262499894999998e-05,-1,-0.009061628685401113,-1,1,שב,Postverbal
1,5,1,-0.013880099844083837,-1,2.0336500000000002e-07,1,-0.0033645688871545287,-1,0,נמצא,Postverbal
1,-4,-1,0.22000714200487456,1,-5.28201e-06,-1,-0.0027526089529544273,-1,1,התבסס,Postverbal
1,-1,-1,0.02989564240136834,1,9.865259000000001e-07,1,-0.0012992689380437739,-1,0,נהג,Postverbal
1,6,1,0.32267046292058177,1,-1.0020630000000001e-07,-1,-0.00011810460178807158,-1,0,עקב,Postverbal
1,8,1,-0.1893329419651738,-1,-1.4685400000000003e-07,-1,-0.0033687306174264853,-1,0,חשף,Postverbal
1,0,0,-0.12971751694748906,-1,-3.16243308e-07,-1,0.0008889778426118267,1,0,התחרה,Postverbal
1,7,1,0.010948434998129308,1,-1.7808000000000002e-06,-1,0.001339421499037985,1,1,תכנן,Postverbal
1,5,1,-0.0036069608196918485,-1,-1.8994499999999999e-06,-1,0.008945422634072997,1,0,שיגר,Postverbal
1,13,1,0.18926767483083454,1,-8.69763e-07,-1,-0.018752967973941603,-1,0,התמודד,Postverbal
1,3,1,-0.007318090326801918,-1,-1.1549999999999981e-08,-1,-0.0033340945630204732,-1,0,יצא,Postverbal
1,4,1,-0.22658216920664292,-1,-2.9183068e-06,-1,0.003546721814639109,1,0,צעד,Postverbal
1,-4,-1,-0.008745658168260922,-1,-1.322101e-06,-1,0.002035891482042529,1,0,_,Postverbal
1,0,0,-0.23581999329378853,-1,4.2590999999999994e-08,1,-0.00022905953527280198,-1,0,הגיע,Postverbal
1,14,1,-0.010532974600840739,-1,-9.134819999999999e-06,-1,-0.007502168117006325,-1,1,יש,Postverbal
1,3,1,-0.13586127473021142,-1,-2.9547699999999997e-07,-1,0.015744722652282106,1,0,חמק,Postverbal
1,7,1,0.05955568140196285,1,1.3886979999999999e-06,1,0.0002214155285442665,1,0,הונצח,Postverbal
1,5,1,-0.03955309810430285,-1,4.504259999999999e-06,1,0.0008257058154146901,1,0,עמד,Postverbal
1,11,1,-0.00853498582623706,-1,-7.066290999999999e-06,-1,-0.0062793150512310825,-1,0,פנה,Postverbal
1,5,1,0.09739983058241136,1,6.335790199999999e-08,1,0.004100003452303824,1,0,תהה,Postverbal
1,10,1,0.15194393405774423,1,-1.0016531999999999e-05,-1,-0.005251381806913313,-1,1,השיב,Postverbal
1,-1,-1,0.05542395929602857,1,-6.436700000000003e-07,-1,-0.010495970692922185,-1,0,חיבר,Postverbal
1,0,0,-0.12901874407834202,-1,-8.563956e-08,-1,-0.00013954670001875558,-1,0,הביא,Postverbal
1,-1,-1,0.007784838547359313,1,6.226905e-06,1,-0.011905543533952179,-1,0,עלה,Postverbal
1,8,1,-0.09182539911168164,-1,-0.004559032,-1,0.0037151849907964274,1,-1,לקה,Postverbal
1,4,1,0.13594402856964552,1,4.537e-08,1,0.003345068218000735,1,0,התקבל,Postverbal
1,2,1,0.07819218235731172,1,-3.3674000000000004e-07,-1,0.02060855062159017,1,0,ניגן,Postverbal
1,13,1,-0.10198368430011519,-1,3.4799999543e-05,1,0.009894840354382206,1,-1,דיבר,Postverbal
1,3,1,0.12943136610204592,1,-8.366699999999999e-06,-1,-0.004509131940267808,-1,1,גנב,Postverbal
1,7,1,0.05713536175769425,1,1.970605e-06,1,-0.0017133774940194524,-1,0,נפל,Postverbal
1,3,1,0.07390406349823511,1,-1.0009722699999998e-05,-1,-0.030685613792881983,-1,1,קם,Postverbal
1,1,1,-0.021952811500934963,-1,-1.7183e-07,-1,0.001155990944136931,1,0,העמיד,Postverbal
1,16,1,-0.3144042599555637,-1,-2.7329199999999997e-08,-1,-0.008019476547720894,-1,0,התנהל,Postverbal
1,3,1,-0.09612255823119803,-1,-7.8752e-08,-1,-0.015553843791592137,-1,0,נראה,Postverbal
1,0,0,-0.02774003058500049,-1,-6.62576056e-06,-1,-0.01648287407249932,-1,0,שיחק,Postverbal
1,4,1,-0.03074383852257072,-1,9.01032e-07,1,0.0013834140966852981,1,0,נאבק,Postverbal
1,25,1,0.20563439271605838,1,-2.860904e-06,-1,-0.009862670475536628,-1,0,_,Postverbal
1,8,1,-0.031127044831095102,-1,-5.4201e-06,-1,0.005014595714550429,1,0,גבר,Postverbal
1,1,1,-0.24741635383493193,-1,-7.439780000000001e-07,-1,0.008848522939363224,1,0,התמודד,Postverbal
1,5,1,-0.06175313021423667,-1,9.10249543e-07,1,0.004006247639516181,1,0,התבונן,Postverbal
1,11,1,-0.04323575388610382,-1,1.006156e-06,1,0.004221500180585758,1,0,נקבע,Postverbal
1,0,0,-0.08853607624261334,-1,5.994900000000001e-07,1,-0.0008686383209763338,-1,0,העלה,Postverbal
1,0,0,-0.03029023272748349,-1,5.6430999999999984e-08,1,-0.0009063451594411021,-1,0,השתרר,Postverbal
1,23,1,-0.24568579143288055,-1,-4.650177600000001e-06,-1,-0.0005205138235679363,-1,0,גדל,Postverbal
1,3,1,-0.20738816030724425,-1,4.7663500000000005e-06,1,-0.005822229682528102,-1,0,השפיע,Postverbal
1,1,1,0.10505385506831111,1,0.0045699822227,1,0.007986397213281482,1,0,נקבע,Postverbal
1,7,1,-0.1407951157736308,-1,-2.97837e-08,-1,-0.0020982118358836566,-1,0,לחם,Postverbal
1,6,1,0.18345753877440302,1,-1.5897900000000002e-06,-1,-0.002879135140205602,-1,0,חזר,Postverbal
1,0,0,0.1103773519773153,1,-4.3448361e-05,-1,-0.012873315464569823,-1,1,עמד,Postverbal
1,3,1,0.010136358614742144,1,8.524225000000001e-07,1,0.0011778055815042654,1,0,עשה,Postverbal
1,-2,-1,0.047453020902557375,1,-3.6742799999999995e-07,-1,-0.0026055232716835075,-1,0,השתמש,Postverbal
1,8,1,-0.051034225720341136,-1,-6.255416e-06,-1,-0.001813390856334307,-1,0,שימש,Postverbal
1,0,0,0.030140588868865906,1,-2.9437680000000006e-07,-1,-0.004465095336172453,-1,0,תואר,Postverbal
1,-2,-1,0.11217192720284634,1,5.849232e-06,1,-0.0027342671506402905,-1,0,הקפיץ,Postverbal
1,14,1,-0.010786172054082471,-1,-8.911499543e-06,-1,0.0020578662233216027,1,0,עסק,Postverbal
1,0,0,0.0166094415472208,1,-1.20749543e-07,-1,-0.010940238205896458,-1,0,נזכר,Postverbal
1,3,1,-0.023954973809769686,-1,-2.04865e-06,-1,0.0006771050772440002,1,0,העניק,Postverbal
1,0,0,-0.033181406481193845,-1,4.5465000000000006e-07,1,-0.0004100224969670885,-1,0,שירת,Postverbal
1,0,0,-0.07816676185683474,-1,1.5099500000000002e-08,1,-0.0003349959621524734,-1,0,נלמד,Postverbal
1,15,1,0.11711372590029993,1,-1.1126500000000004e-07,-1,-0.00047944565187035826,-1,0,העלה,Postverbal
1,18,1,-0.06772072740817245,-1,2.930275e-06,1,0.00031517840054817725,1,0,נשלח,Postverbal
1,2,1,-0.0254281356937269,-1,-1.9852220000000003e-06,-1,-0.0035709831620919785,-1,0,אמר,Postverbal
1,15,1,-0.061160686437936346,-1,2.5062999999999974e-09,1,-0.003900190911548751,-1,0,נתפס,Postverbal
1,5,1,0.2303132041224327,1,-1.241625e-07,-1,0.0002230297951559823,1,0,בא,Postverbal
1,11,1,-0.07899092386831566,-1,-3.60332e-07,-1,-0.005862310364151191,-1,1,אמר,Postverbal
1,0,0,-0.08264736253555711,-1,1.8453200000000005e-07,1,-0.004301985039369072,-1,0,נערך,Postverbal
1,-2,-1,0.07377585849828022,1,-2.631863e-07,-1,-0.0021525128699306784,-1,0,הופיע,Postverbal
1,3,1,0.01882195055312738,1,8.088899999999998e-08,1,0.01602117220082644,1,0,צפה,Postverbal
1,4,1,0.09615879703042586,1,-1.9226440000000003e-07,-1,0.0012452542586338655,1,0,נהג,Postverbal
1,0,0,-0.029352760579140047,-1,-6.2152e-06,-1,0.0015381293956387432,1,0,נקט,Postverbal
1,0,0,0.012135481906181664,1,-2.84865e-07,-1,-0.0009710766092262957,-1,0,ספג,Postverbal
1,11,1,0.026482162131098552,1,3.100864e-07,1,0.0009934142372957644,1,0,התאושש,Postverbal
1,2,1,-0.11814722089241139,-1,-1.4806799791000003e-06,-1,-0.008781741678819954,-1,0,נוצח,Postverbal
1,26,1,-0.04397011620777644,-1,3.0444000000000008e-09,1,-0.0006261220553691604,-1,0,עבר,Postverbal
1,-3,-1,0.06427770003226252,1,2.1111039999999997e-06,1,-0.02220394167528783,-1,0,פרש,Postverbal
1,9,1,0.026643794689035327,1,1.0236800000000001e-06,1,-0.0025152791155811927,-1,0,החל,Postverbal
1,10,1,-0.0019535602187859824,-1,-1.7818499999999995e-08,-1,0.011481816516956511,1,0,הוביל,Postverbal
1,10,1,0.12151437347458668,1,-3.7931000000000004e-08,-1,0.0027467530842053556,1,0,נתקל,Postverbal
1,5,1,-0.08447674579783576,-1,-6.4234e-06,-1,0.005239149914610108,1,0,הוביל,Postverbal
1,0,0,-0.24264107621776987,-1,-6.6264999791e-06,-1,-0.002812298376855593,-1,0,הובס,Postverbal
1,-1,-1,0.3064911987022073,1,-5.300956e-06,-1,0.003719118084545614,1,0,נחשב,Postverbal
1,4,1,0.2826738169288341,1,0.004503914,1,-0.020980869137093905,-1,1,זכה,Postverbal
1,3,1,-0.011683247698529714,-1,1.17448543e-07,1,0.010869980508386556,1,0,הופיע,Postverbal
1,5,1,0.09037642207910881,1,-6.9367922e-07,-1,-0.006849654943417438,-1,0,הימר,Postverbal
1,0,0,-7.52970809579645e-05,-1,-5.335949999999999e-06,-1,-0.0018038735491743285,-1,0,ירה,Postverbal
1,7,1,-0.20249331235915857,-1,-2.66301e-07,-1,-0.0001871804687426093,-1,0,הועמד,Postverbal
1,8,1,-0.10648382462705776,-1,-8.45058e-07,-1,-0.0032464085597962433,-1,0,הצליח,Postverbal
1,5,1,-0.12327033472400763,-1,-1.0027498549999998e-05,-1,-0.0430318159028677,-1,1,העיר,Postverbal
1,5,1,0.20990001300058528,1,2.9744720000000007e-07,1,-0.005180985077260614,-1,0,בא,Postverbal
1,4,1,-0.026694566249393398,-1,4.00332e-07,1,0.0027597109604691195,1,0,דיבר,Postverbal
1,3,1,0.01519072546715819,1,4.168230000000001e-07,1,-0.0042995021072610995,-1,0,קם,Postverbal
1,1,1,-0.03564244478272223,-1,2.0464099999999999e-07,1,-0.012885239393111259,-1,0,ירד,Postverbal
1,0,0,-0.09744991387552338,-1,1.0614579999999999e-07,1,-0.0010427339831502458,-1,0,עשה,Postverbal
1,4,1,0.010889061127015681,1,3.8259600000000005e-07,1,0.005012783246185759,1,0,עלה,Postverbal
1,1,1,0.09745619443868467,1,1.46171e-06,1,0.001093092031477505,1,0,החזיר,Postverbal
1,8,1,0.04334055399984999,1,-6.441789000000001e-05,-1,0.0012638366439831072,1,1,גמל,Postverbal
1,-1,-1,-0.03433218536486038,-1,-1.0967855000000001e-07,-1,-0.004956133391332995,-1,0,גבר,Postverbal
1,1,1,0.04455121004218998,1,2.746200000000001e-08,1,-0.0038762898201014084,-1,0,עלה,Postverbal
1,0,0,-0.0893765371896925,-1,-0.001479912713,-1,-0.003314167030583015,-1,1,ניצח,Postverbal
1,2,1,-0.15971687216914865,-1,3.1766e-09,1,0.014573586353328227,1,0,החטיא,Postverbal
1,0,0,0.0939318493679575,1,3.815460000000001e-07,1,-0.022667016171120158,-1,0,הגיע,Postverbal
1,0,0,0.08918564456112633,1,3.9804700000000007e-07,1,-0.002323715303833629,-1,0,רווח,Postverbal
1,-3,-1,-0.0009337745141276416,-1,5.9409999999999974e-08,1,-0.0024554938857675457,-1,0,נפל,Postverbal
1,3,1,-0.03079734931620548,-1,4.84272e-08,1,-0.011035545243875455,-1,0,עלה,Postverbal
1,11,1,-0.02812470012791643,-1,-2.8082204000000004e-06,-1,-0.008504256162366275,-1,0,נבע,Postverbal
1,7,1,-0.009465933741190535,-1,-6.7616073999999995e-06,-1,-0.007606245363207087,-1,0,קפץ,Postverbal
1,0,0,-0.028929226214404358,-1,6.7542772e-06,1,-0.02619296209767835,-1,0,עלה,Postverbal
1,1,1,-0.052517878423211414,-1,5.1315e-07,1,-0.007345605295829727,-1,0,נפל,Postverbal
1,2,1,-0.09860060967431344,-1,-1.4511564000000002e-06,-1,-0.004286821712959243,-1,0,ניצח,Postverbal
1,2,1,-0.2569393115695199,-1,-1.9480759999999998e-07,-1,0.005055663691595935,1,0,נאבק,Postverbal
1,15,1,0.12939768708801416,1,-1.98997e-07,-1,-0.0040418568236357255,-1,1,החזיר,Postverbal
1,7,1,0.13941838992810232,1,-0.00013847483763999998,-1,-0.007089319804574168,-1,1,הוטל,Postverbal
1,-1,-1,0.03804290247682378,1,7.3425e-07,1,0.006697616035727327,1,0,הורחק,Postverbal
1,1,1,0.05789867175276098,1,-2.769599999999999e-07,-1,-0.01580451732089,-1,0,הלך,Postverbal
1,3,1,-0.026934990050866917,-1,4.432899999999999e-07,1,-0.002244442144456349,-1,0,התהווה,Postverbal
1,21,1,0.029138807891494284,1,1.017905e-05,1,0.0027380271086356323,1,0,קרא,Postverbal
1,1,1,0.10503228668007164,1,6.44692e-07,1,0.017211160088318633,1,0,הוצג,Postverbal
1,2,1,0.0306279141729086,1,6.6945e-07,1,-0.0009898870058374643,-1,0,אימץ,Postverbal
1,2,1,0.09297440290727668,1,-1.0027499987399999e-05,-1,-0.004156230174115982,-1,1,יצא,Postverbal
1,16,1,0.00929335878356432,1,-1.5124995429999998e-06,-1,0.0012619274553523074,1,0,ייחד,Postverbal
1,4,1,-0.016896501252605237,-1,-6.140500000000001e-07,-1,-0.004869623146247004,-1,0,הגיע,Postverbal
1,0,0,0.024035987008635698,1,-9.547649999999998e-06,-1,-0.005898619168944741,-1,1,אירס,Postverbal
1,9,1,-0.2794156560685565,-1,-1.3920000000000008e-08,-1,-0.0005587597594733373,-1,0,עקב,Postverbal
1,47,1,0.05194911619919064,1,-7.653255999999999e-07,-1,-0.031198572925855927,-1,0,יצא,Postverbal
1,4,1,0.008216291159748423,1,-4.3461504e-05,-1,-0.003911714798164323,-1,1,_,Postverbal
1,6,1,0.08132768054123395,1,2.9715000000000004e-07,1,0.023404925705746094,1,0,נרצח,Postverbal
1,0,0,0.15385197491530034,1,-1.3101099999999993e-07,-1,0.01100896329489598,1,0,פרש,Postverbal
1,0,0,-0.1147446285901425,-1,-2.550446e-06,-1,-0.0032008337454780267,-1,-1,נכתב,Postverbal
1,0,0,0.07762117423005141,1,-2.6917299521e-06,-1,-0.0031148243042954382,-1,0,התבהר,Postverbal
1,32,1,0.09355696095033325,1,1.074425e-06,1,-0.006787381586234542,-1,0,ניתן,Postverbal
1,0,0,0.15102386283485875,1,-4.36314809e-05,-1,-0.003115255297347519,-1,1,העיד,Postverbal
1,0,0,-0.11999007638065742,-1,4.266552e-05,1,-0.0007755409839730332,-1,-1,הציג,Postverbal
1,-2,-1,0.17608452539249828,1,-1.1707302000000001e-07,-1,-0.00112389126233009,-1,0,הקריב,Postverbal
1,14,1,0.028969868481678485,1,5.294999999999999e-07,1,-0.0034830381969536695,-1,0,עלה,Postverbal
1,11,1,0.04962312158832983,1,0.004569791151,1,-0.0006031453405329068,-1,0,מצא,Postverbal
1,8,1,0.3812680099095651,1,-3.9328e-08,-1,-0.00414282126841875,-1,1,העמיד,Postverbal
1,-1,-1,0.1892019098795448,1,-1.1113908e-06,-1,0.00016936252538812813,1,0,צר,Postverbal
1,9,1,-0.68943832501275,-1,9.2785e-07,1,0.004732372362389992,1,0,הגיע,Postverbal
1,8,1,0.17474541827721302,1,3.7414200000000004e-08,1,0.008119993114241941,1,0,בא,Postverbal
1,1,1,0.030942741468162088,1,8.03427e-08,1,0.0019194860950010884,1,0,בא,Postverbal
1,6,1,-0.04371127937293093,-1,-2.367428e-06,-1,0.0007672463231171989,1,0,מונה,Postverbal
1,9,1,0.06355737067260975,1,7.44631e-07,1,-0.0033119885045103103,-1,0,התפרץ,Postverbal
1,10,1,-0.00484930528840484,-1,8.261015000000001e-07,1,-0.00414934145171858,-1,0,מצא,Postverbal
1,3,1,0.10389386607627676,1,-2.602615e-06,-1,-0.0017570385327820848,-1,0,כיהן,Postverbal
1,13,1,-0.22874712217846271,-1,-1.910999661e-07,-1,-0.002791701409341707,-1,0,שילם,Postverbal
1,2,1,-0.04109874375079922,-1,-1.7737599999999998e-06,-1,-0.002733966828552814,-1,0,הופץ,Postverbal
1,0,0,-0.04159168968648741,-1,1.9109992919999998e-07,1,0.0031956947146187797,1,0,הועבר,Postverbal
1,5,1,0.09521151054942295,1,-1.0016303499999999e-05,-1,-0.0035445048436932858,-1,1,סייע,Postverbal
1,8,1,0.027400835894492825,1,4.621e-06,1,-0.0033936120563911043,-1,0,נתן,Postverbal
1,8,1,0.1883058779095525,1,-1.0439819999999999e-07,-1,-0.002537624472966571,-1,0,הפך,Postverbal
1,0,0,-0.03206468070647865,-1,-9.892684999999998e-06,-1,-0.007240134492568107,-1,1,הקצה,Postverbal
1,8,1,-0.17725728375204491,-1,-6.38802e-09,-1,0.008979179293967854,1,0,אישר,Postverbal
1,-3,-1,0.029813280114970937,1,5.725020000000001e-07,1,-0.0046166227707029606,-1,0,ייצא,Postverbal
1,16,1,-0.007965795230347017,-1,-4.86248e-07,-1,0.0034101331060358286,1,0,השתתף,Postverbal
1,-1,-1,0.05823799225851617,1,2.97554e-07,1,4.8935487515222587e-05,1,0,הועבר,Postverbal
1,19,1,0.20708632260356452,1,-2.832070000000001e-07,-1,-0.0014759633883590917,-1,0,נערך,Postverbal
1,10,1,-0.20290244396835577,-1,6.21385e-07,1,0.0025333813982476583,1,0,התבסס,Postverbal
1,6,1,-0.07187071716090807,-1,-1.1590999999999996e-06,-1,-0.0003557914724806044,-1,0,הוגש,Postverbal
1,4,1,0.0026822486070969074,1,-1.7000400000000002e-07,-1,0.0003233657707304993,1,0,זירז,Postverbal
1,20,1,-0.12263644646239469,-1,-1.509567e-07,-1,-0.0017103779477039005,-1,0,הושקע,Postverbal
1,0,0,-0.028286626091698408,-1,-6.259448999999999e-08,-1,0.003176263856242534,1,0,הביא,Postverbal
1,9,1,0.07694344773696778,1,0.0045699718031000005,1,-0.005683881990269868,-1,0,השתמש,Postverbal
1,22,1,-0.17160982120432594,-1,-8.610849999999999e-06,-1,-0.004069369314864457,-1,1,דיווח,Postverbal
1,-2,-1,0.0607570421027864,1,-1.4144320000000002e-07,-1,-0.001268520812440832,-1,0,נקט,Postverbal
1,2,1,0.13638699956368666,1,-5.714784800000001e-06,-1,0.003271529363329917,1,1,קיבל,Postverbal
1,-1,-1,-0.05671854051250093,-1,-8.044420000000001e-07,-1,-0.005198112426279489,-1,0,עמד,Postverbal
1,0,0,0.07786663410049419,1,-7.774027e-07,-1,0.0004637969614585957,1,0,התקיים,Postverbal
1,-4,-1,-0.18470950256377427,-1,-6.265e-07,-1,-0.005109826724846889,-1,0,נבחר,Postverbal
1,1,1,-0.13418288213003468,-1,-1.749999999999999e-08,-1,-0.014900275855934786,-1,0,נכנס,Postverbal
1,0,0,0.030931599610382964,1,1.075865e-06,1,0.002050013486268376,1,0,אפשר,Postverbal
1,39,1,0.21928172952528815,1,1.5860000000000048e-07,1,0.0074171210049583935,1,0,נערך,Postverbal
1,-3,-1,0.02397590152919784,1,-5.31491e-08,-1,0.0024538372747009984,1,0,עסק,Postverbal
1,-6,-1,0.0821917878068394,1,8.835479999999999e-06,1,-6.876164436425691e-05,-1,0,הביא,Postverbal
1,9,1,0.09345455991877263,1,-2.1758350000000004e-07,-1,0.00290632854345918,1,0,התבטא,Postverbal
1,1,1,-0.03295059781829799,-1,-1.1973400000000002e-06,-1,2.2330535618841907e-05,1,0,נתן,Postverbal
1,-1,-1,0.08043159511128369,1,2.068015e-06,1,0.013442872124530991,1,0,הביא,Postverbal
1,2,1,-0.0873212386011366,-1,1.0300499999999999e-07,1,0.0035674852592366135,1,0,נקבע,Postverbal
1,7,1,-0.03116342025840635,-1,-8.21100000000002e-09,-1,-0.005409915280655875,-1,0,נשאר,Postverbal
1,0,0,0.051368697900060684,1,-2.456599895e-06,-1,-0.0023654151907274157,-1,0,התקשר,Postverbal
1,17,1,-0.044552038073801814,-1,2.4515705e-06,1,0.005354736463420384,1,0,התקשר,Postverbal
1,2,1,-0.03507693333178999,-1,-1.402600000000001e-09,-1,0.0006543640161676967,1,0,נמנע,Postverbal
1,-1,-1,0.012622888179801603,1,7.1457e-08,1,0.003830816338116272,1,0,הונפק,Postverbal
1,6,1,-0.026449662086210007,-1,-0.0010499676444,-1,0.0006245531508888291,1,0,נמסר,Postverbal
1,3,1,-0.2138913632370688,-1,-0.004569974404,-1,-0.008719807132061164,-1,0,עלה,Postverbal
1,3,1,-0.09207091061680558,-1,-6.67235e-08,-1,0.016031774515472552,1,0,נבע,Postverbal
1,3,1,0.08367831593447114,1,-3.514330000000001e-07,-1,0.012067568503322024,1,0,הסתכם,Postverbal
1,2,1,-0.07749273232638325,-1,-1.1253800000000002e-07,-1,-0.0008368793405600927,-1,0,אישר,Postverbal
1,10,1,-0.02003066796972662,-1,1.4366500000000003e-06,1,0.000688201053014148,1,0,הפלה,Postverbal
1,0,0,-0.1256269003577267,-1,9.079299999999998e-09,1,-0.0003256701260934136,-1,0,הקנה,Postverbal
1,3,1,0.14210590534383422,1,-5.17648e-06,-1,-0.01141807014627505,-1,1,סטה,Postverbal
1,-1,-1,-0.0007179742082397966,-1,-4.483556000000001e-06,-1,-0.001857239625106366,-1,0,ניתן,Postverbal
1,8,1,-0.09112445415877862,-1,-6.88028e-07,-1,-0.0027534529466947677,-1,0,התכנס,Postverbal
1,2,1,-0.04951093682116861,-1,4.572132000000001e-06,1,-0.0033657624151944288,-1,0,עשה,Postverbal
1,1,1,-0.04763575541768575,-1,1.9056898950000001e-06,1,-0.0005576273029301304,-1,0,זכה,Postverbal
1,21,1,-0.06520910887240498,-1,-5.587800000000006e-09,-1,-0.003422444508315192,-1,0,הצטרף,Postverbal
1,-2,-1,0.037920676867024675,1,-7.1715e-07,-1,0.0011454892043695764,1,0,התנהל,Postverbal
1,5,1,-0.27973727964591283,-1,-1.6216200000000002e-07,-1,0.0024769909556574543,1,0,שיגר,Postverbal
1,2,1,0.0264688409383593,1,-1.00270332e-05,-1,-0.0014864807670447178,-1,1,הורה,Postverbal
1,1,1,-0.0572175857804753,-1,-4.5060220000000006e-07,-1,-0.00032350648476048294,-1,0,התנהל,Postverbal
1,-2,-1,0.11778001190768707,1,7.562699999999999e-08,1,-0.005262909232528923,-1,0,פרש,Postverbal
1,4,1,0.04549191406447774,1,7.83765e-07,1,-0.00046995144003220135,-1,0,הביא,Postverbal
1,2,1,0.06049751751207643,1,-9.177479999999998e-06,-1,-0.022410993011181213,-1,1,שמר,Postverbal
1,1,1,-0.039036745008050294,-1,-5.184e-07,-1,0.0004460192433047294,1,0,נמכר,Postverbal
1,15,1,0.046374271867833404,1,6.365553e-07,1,0.002516175984321134,1,0,העלה,Postverbal
1,-1,-1,0.2357242928413501,1,4.2414000000000004e-07,1,0.0041836612092953085,1,0,סוכם,Postverbal
1,13,1,-0.03158799879008428,-1,-2.841999999999996e-08,-1,0.006694124849862981,1,0,הכריז,Postverbal
1,27,1,-0.33969067412771836,-1,-4.3368088e-05,-1,-0.008335418378815851,-1,1,חזר,Postverbal
1,1,1,0.09722855829713395,1,-4.36293787e-05,-1,-0.001674203264030949,-1,1,תמך,Postverbal
1,24,1,-0.37604477872591063,-1,5.6259900000000003e-08,1,-0.009892109317982345,-1,0,הופיע,Postverbal
1,2,1,0.02396657361367613,1,-1.1974799999999997e-07,-1,-0.0036913907266787893,-1,0,_,Postverbal
1,4,1,0.006297559499146843,1,-3.981244e-07,-1,-0.0037908810196095044,-1,0,הפר,Postverbal
1,7,1,0.055274861511839135,1,-4.114768e-06,-1,-0.00723644283748931,-1,1,השתמש,Postverbal
1,1,1,0.18074403223566948,1,-4.35259e-05,-1,-0.012858976645137687,-1,1,בחר,Postverbal
1,6,1,0.039730092178354576,1,-4.3538520000000005e-05,-1,-0.003051368427809509,-1,1,נקבע,Postverbal
1,7,1,0.022460308870059426,1,4.7876e-07,1,-0.01773780683372117,-1,0,שרר,Postverbal
1,-1,-1,-0.003724243225131818,-1,-2.10385e-07,-1,-0.011071630170110314,-1,0,דן,Postverbal
1,-6,-1,-0.05038926146104078,-1,6.454668e-06,1,-0.004128628002794288,-1,0,הופיע,Postverbal
1,4,1,0.06395612836974617,1,-8.977699999999999e-06,-1,-0.003270086499832181,-1,1,מסר,Postverbal
1,9,1,0.14664037144033779,1,4.427208e-08,1,-0.010306891325992995,-1,0,הופיע,Postverbal
1,4,1,0.253350934653618,1,-9.442999999999998e-08,-1,0.0008864879163795192,1,0,נשאר,Postverbal
1,1,1,-0.0015956793923594635,-1,-7.083355e-08,-1,0.005845140331903087,1,0,המשיך,Postverbal
1,1,1,0.09940002792061561,1,2.570000000000001e-07,1,0.0042180471290703125,1,0,נתן,Postverbal
1,19,1,0.004045572571106382,1,-6.53967e-06,-1,0.017188579461363374,1,0,דן,Postverbal
1,5,1,0.10667315788301766,1,-1.6553368000000001e-06,-1,-0.007135505736478531,-1,0,פעל,Postverbal
1,1,1,0.029853943121503163,1,-3.167449e-07,-1,-0.0005971626733370927,-1,0,השקיע,Postverbal
1,2,1,0.049127634518795094,1,-9.596999999999998e-08,-1,0.0018650504844183735,1,0,נפתח,Postverbal
1,-1,-1,-0.23672725512552217,-1,-8.695548e-06,-1,-0.0073439381264154835,-1,0,הדגיש,Postverbal
1,13,1,-0.05380267105843402,-1,2.2109e-07,1,0.01240308996683298,1,0,הגיע,Postverbal
1,1,1,-0.07438343653933,-1,-1.4279999999999998e-07,-1,-0.0017355829261050393,-1,0,העמיד,Postverbal
1,-10,-1,0.0011691508770008963,1,1.9446999999999998e-06,1,-0.0023064211805696178,-1,0,שיגר,Postverbal
1,26,1,0.03399219548440181,1,1.6014e-06,1,-0.0052143034176938,-1,0,התחייב,Postverbal
1,6,1,-0.02727827799642779,-1,-7.213499999999999e-09,-1,0.005743042852008995,1,0,יצא,Postverbal
1,0,0,0.09194397388954856,1,-9.030000000000001e-08,-1,-0.011701441070185503,-1,0,חולק,Postverbal
1,5,1,-0.08351593280818129,-1,-2.785965e-06,-1,0.0003326931395180588,1,0,נבנה,Postverbal
1,1,1,-5.071668545908459e-06,-1,-1.1159999999999991e-06,-1,-0.032970158646557945,-1,1,יש,Postverbal
1,1,1,0.12939052823517347,1,2.141502e-05,1,-0.0007344440559750587,-1,0,נערך,Postverbal
1,1,1,-0.1494379818024913,-1,3.587495e-08,1,0.005827612831107387,1,0,תפח,Postverbal
1,6,1,-0.08079001587201579,-1,1.9173e-08,1,-0.0008684652101029755,-1,0,ערב,Postverbal
1,2,1,0.06696768166760264,1,-6.432732e-06,-1,0.00412838482294553,1,0,הגיש,Postverbal
1,6,1,-0.019603753243921246,-1,4.8259200000000006e-08,1,-0.00137823028246975,-1,0,_,Postverbal
1,-9,-1,0.23134563467742242,1,6.2961216e-06,1,0.0007832438783871853,1,0,התארגן,Postverbal
1,17,1,0.19468887862603415,1,-2.5816010999999998e-05,-1,-0.008777627545069278,-1,1,הזמין,Postverbal
1,0,0,-0.09133745153128134,-1,-1.47154e-07,-1,0.0010007868392860053,1,0,חקר,Postverbal
1,0,0,-0.002388331823891615,-1,4.307100000000001e-07,1,-0.00023466599825833212,-1,0,ענה,Postverbal
1,-3,-1,-0.005720491464508037,-1,-2.939068e-07,-1,-3.056216980512616e-05,-1,0,ירה,Postverbal
1,8,1,-0.07546391635778514,-1,-1.4069499999999999e-08,-1,-0.011595862128580658,-1,0,נמצא,Postverbal
1,-1,-1,-0.0786250307869848,-1,1.0651319999999998e-06,1,-0.002804807024178957,-1,0,עבר,Postverbal
1,1,1,0.06841888405140203,1,4.1678400000000006e-07,1,-0.007002370374080968,-1,0,התגורר,Postverbal
1,-1,-1,-0.023529726423434788,-1,-1.0695199999999998e-07,-1,0.002176647195872572,1,0,פנה,Postverbal
1,4,1,0.1074863098547994,1,8.53676e-06,1,0.0002716875321728818,1,0,פעל,Postverbal
1,3,1,0.020443717320574983,1,5.569920000000003e-09,1,-0.004369030009094499,-1,0,נמנע,Postverbal
1,7,1,0.08744037065883101,1,-1.5911600000000002e-08,-1,0.00319029197589743,1,0,ויתר,Postverbal
1,10,1,-0.030440064305522235,-1,8.728699999999995e-08,1,-0.0029732077258907696,-1,0,פגע,Postverbal
1,-1,-1,0.15963451257602584,1,5.402740000000001e-07,1,0.0029603533324937814,1,0,עסק,Postverbal
1,24,1,-0.02370803465437024,-1,-7.388499999999999e-06,-1,-0.005143255718573103,-1,1,הוקצה,Postverbal
1,3,1,0.04063612531630008,1,6.61555e-06,1,-0.0028408298910703733,-1,0,נבחר,Postverbal
1,1,1,-0.0864611575746719,-1,-4.1201200000000004e-08,-1,-0.00829305512809364,-1,0,זכה,Postverbal
1,0,0,0.03866891133474207,1,1.5244260000000002e-07,1,-0.0038030305424383015,-1,0,זוהה,Postverbal
1,-3,-1,-0.04987273013312026,-1,-9.933917e-05,-1,-0.013081940870051878,-1,0,נבחר,Postverbal
1,7,1,0.06964490792137228,1,-9.949634999999998e-06,-1,-0.0014457078196371542,-1,1,הקנה,Postverbal
1,7,1,0.04430094830018852,1,-5.771910000000001e-07,-1,0.0011112000107385556,1,0,התחבט,Postverbal
1,3,1,-0.05329388167828729,-1,4.569999999999994e-08,1,0.002258469963765497,1,0,פחת,Postverbal
1,0,0,0.009721508869545592,1,3.84339e-07,1,0.000306295367620113,1,0,הגיש,Postverbal
1,1,1,0.08250325955537183,1,-6.924499999999998e-06,-1,-0.03037523671245035,-1,1,הודיע,Postverbal
1,-1,-1,0.021565229469993626,1,2.4802199999999997e-07,1,0.008024832311121999,1,0,ריכז,Postverbal
1,2,1,-0.021877088786911587,-1,-6.50265e-07,-1,0.0064661228304096485,1,0,קלט,Postverbal
1,0,0,0.016905620865523274,1,4.58371e-07,1,-0.00594500566499534,-1,0,עמד,Postverbal
1,9,1,-0.32318631264557496,-1,8.904743e-09,1,-0.0005483704955775437,-1,0,הוחמץ,Postverbal
1,7,1,-0.25891204103925947,-1,-1.22475632e-06,-1,-0.0006200565498879484,-1,0,הישווה,Postverbal
1,-3,-1,-0.12592918936466252,-1,2.2868969999999996e-07,1,0.0016271759373913675,1,0,ניצח,Postverbal
1,-3,-1,0.11057251117435131,1,-1.76724e-08,-1,0.011630016627893702,1,0,נכנס,Postverbal
1,8,1,-0.053733226422824146,-1,-1.059326e-06,-1,-0.015293096296841668,-1,0,זכה,Postverbal
1,14,1,-0.16521064539415112,-1,-1.22475632e-06,-1,-0.0013785990787678615,-1,0,קבע,Postverbal
1,2,1,0.04541622219981396,1,-6.746608e-06,-1,0.0020872886751845954,1,0,יצא,Postverbal
1,4,1,0.007541051249030442,1,1.0967989500000002e-07,1,0.00306325592023754,1,0,חילק,Postverbal
1,2,1,-0.03358300017441307,-1,7.38512e-08,1,0.0007400298393041571,1,0,פרץ,Postverbal
1,1,1,0.14736519582772475,1,1.155085e-06,1,-0.0017171865062208802,-1,0,בעט,Postverbal
1,4,1,0.15951658415767483,1,-2.0205319999999996e-06,-1,0.007224136767883416,1,0,בא,Postverbal
1,3,1,-0.08421466844418028,-1,-1.1487199967600001e-05,-1,-0.00481556489130075,-1,0,חזר,Postverbal
1,11,1,-0.14169315660423626,-1,-2.8292999999999997e-09,-1,-0.011744575619836328,-1,0,אמר,Postverbal
1,-1,-1,-0.08137064270593665,-1,-1.6645919999999998e-07,-1,-0.006441556795558523,-1,0,הובא,Postverbal
1,3,1,-0.031343068908530565,-1,-0.0045698903200000005,-1,-0.0007714528784903418,-1,0,נבלם,Postverbal
1,11,1,0.06208235963498461,1,1.8590759999999998e-07,1,-0.0016764400375524624,-1,0,הביט,Postverbal
1,0,0,-0.07353871110067689,-1,-4.298896e-07,-1,-0.009459909705948233,-1,0,דורג,Postverbal
1,5,1,-0.058193940802830996,-1,3.2504519999999997e-07,1,0.0016913486176943215,1,0,טס,Postverbal
1,1,1,-0.028599298880451013,-1,6.6155664e-06,1,0.00598176371241943,1,0,ניצח,Postverbal
1,1,1,-0.03418770800222122,-1,-8.230736e-06,-1,-0.003958691888564292,-1,1,דלק,Postverbal
1,-2,-1,-0.14222832394961274,-1,-1.1561731999999999e-07,-1,0.02482690039776403,1,0,זכה,Postverbal
1,-6,-1,0.1279432919645035,1,3.015e-08,1,0.0027002427727672584,1,0,זכה,Postverbal
1,13,1,0.02200595599562366,1,-4.1495599999999995e-07,-1,0.0010464685899353454,1,0,שימש,Postverbal
1,2,1,-0.014500808141377816,-1,-2.985216e-07,-1,-1.5053209081183905e-05,-1,0,אירח,Postverbal
1,0,0,-0.025130176811891336,-1,-9.953465999999999e-06,-1,-0.01719166385241533,-1,1,נערך,Postverbal
1,-1,-1,-0.10943339068501183,-1,1.099542e-06,1,-1.208447998635176e-05,-1,0,נשאר,Postverbal
1,23,1,-0.034175271375655625,-1,9.618600000000002e-07,1,0.04339617599766388,1,0,חזר,Postverbal
1,4,1,-0.02678862564665884,-1,2.8245e-07,1,-0.0013528947036138272,-1,0,הגיע,Postverbal
1,2,1,0.12362426570833779,1,-7.335769999999998e-06,-1,-0.002996486223984629,-1,1,אמר,Postverbal
1,3,1,0.015383271997566117,1,-1.00274999834e-05,-1,-0.00318215468551869,-1,1,נתן,Postverbal
1,3,1,0.04809016414833989,1,8.994199999999997e-08,1,-4.4418778977206586e-07,-1,0,התאזר,Postverbal
1,-1,-1,0.17777454746615068,1,-1.25144e-07,-1,-0.011212221801408129,-1,0,השקיף,Postverbal
1,5,1,-0.2739594917188807,-1,-1.2267199999999998e-08,-1,0.004253255642764686,1,0,התארח,Postverbal
1,-2,-1,0.07584600220920015,1,2.2312960000000004e-07,1,0.011066949213393351,1,0,שיחק,Postverbal
1,4,1,-0.029881843071149855,-1,-1.254452e-06,-1,-0.0006709787534828759,-1,0,חזר,Postverbal
1,2,1,0.034303413426701124,1,5.3468543000000004e-08,1,0.00025296850453709885,1,0,עבד,Postverbal
1,5,1,0.07507426784165333,1,1.522399999999995e-08,1,0.0044041210610253345,1,0,_,Postverbal
1,4,1,0.07942037319601263,1,4.2638089500000005e-07,1,-0.003680382045651076,-1,0,קבע,Postverbal
1,2,1,0.008153766295823761,1,7.0911e-08,1,0.010489646634019412,1,0,עלה,Postverbal
1,6,1,0.10789795621371773,1,-1.0967930800000002e-07,-1,-0.0007504452845317755,-1,0,הסתפק,Postverbal
1,0,0,-0.007192591611331789,-1,-3.8273750000000003e-07,-1,-0.0004727084786744773,-1,0,הבקיע,Postverbal
1,4,1,-0.060891246091658344,-1,-9.338200000000002e-07,-1,0.0010082060252845637,1,0,פגע,Postverbal
1,-1,-1,-0.042941244963025677,-1,-1.2567493080000001e-06,-1,0.005220785070892964,1,0,סיים,Postverbal
1,27,1,-0.24277755125207812,-1,-1.9410869999999998e-07,-1,-0.001985982286526189,-1,0,נחל,Postverbal
1,4,1,-0.011718696974590714,-1,-3.478500000000001e-07,-1,0.0025104955732733747,1,0,נחשב,Postverbal
1,5,1,-0.20568982714292727,-1,4.2012000000000006e-08,1,-0.009027751621154656,-1,0,אפשר,Postverbal
1,6,1,-0.0654397228763969,-1,9.242700000000001e-08,1,0.0007448376236557919,1,0,דרדר,Postverbal
1,16,1,0.012547422853763618,1,-1.4990000000000004e-07,-1,0.001483876702344955,1,1,חזר,Postverbal
1,0,0,-0.1048836333609327,-1,-4.5885000000000006e-07,-1,0.0010239804560908672,1,0,נקלע,Postverbal
1,-3,-1,0.07129711889472327,1,-6.74989e-07,-1,-0.006091847380275628,-1,0,הושג,Postverbal
1,4,1,0.00934215813026254,1,-3.9059999999999995e-09,-1,-0.004022662927736453,-1,0,הגיע,Postverbal
1,12,1,-0.004518699100457421,-1,9.227293e-06,1,0.0009055496958352283,1,0,הזכיר,Postverbal
1,2,1,0.06365840146976162,1,4.3488577e-06,1,0.000798687296303835,1,0,נישא,Postverbal
1,10,1,-0.25409647578328864,-1,-1.994300000000001e-08,-1,0.0017611738795975662,1,0,התמודד,Postverbal
1,10,1,0.1155946162415988,1,-2.1451140000000003e-07,-1,-0.0002096350787524348,-1,0,עלה,Postverbal
1,0,0,-0.1754816837810042,-1,1.4819850000000002e-06,1,0.025853165490764107,1,0,הספיק,Postverbal
1,21,1,0.13877774423444883,1,1.9418000000000005e-10,1,-9.360210072412167e-05,-1,0,התפלח,Postverbal
1,-9,-1,-0.03231398894843711,-1,2.0678e-08,1,-0.0021261531563980807,-1,0,הגיע,Postverbal
1,9,1,-0.2534688388458412,-1,-3.5227499999999996e-08,-1,-0.004179431601952555,-1,0,אוכזב,Postverbal
1,-3,-1,-0.04085099664312572,-1,-5.451e-06,-1,-0.0010503580758339237,-1,0,בעט,Postverbal
1,-2,-1,-0.14829524246365047,-1,-1.4540840000000002e-07,-1,0.00879949993140422,1,0,נבעט,Postverbal
1,-2,-1,0.015653644387359666,1,-2.8904500000000003e-07,-1,-0.002262001910956768,-1,0,עלה,Postverbal
1,1,1,0.08879408662557949,1,-1.091704e-06,-1,-0.0010457276943781624,-1,0,גבר,Postverbal
1,4,1,0.06299869676709154,1,-1.414999999999884e-10,-1,-0.00012630867249507904,-1,0,העלה,Postverbal
1,1,1,-0.02953425763181862,-1,-3.80599292e-08,-1,-0.0029113765490327848,-1,0,כבש,Postverbal
1,8,1,-0.22125531689223132,-1,-1.9547399999999995e-08,-1,-0.002499863675703262,-1,0,עלה,Postverbal
1,0,0,-0.16288110734621025,-1,-1.99708308e-07,-1,0.0035124337025135843,1,0,התמודד,Postverbal
1,4,1,-0.10685425807944401,-1,1.0395000000000008e-08,1,0.003263493834882336,1,0,נוצח,Postverbal
1,-6,-1,-0.16251973415633603,-1,-1.4800341900000002e-06,-1,-0.007475370480300947,-1,0,נוצח,Postverbal
1,2,1,0.0534585760440945,1,1.95619e-06,1,0.001924554750877161,1,0,סגר,Postverbal
1,1,1,0.2216585063897556,1,2.3444092410000004e-07,1,0.004548087694538183,1,0,עבר,Postverbal
1,1,1,0.4102104643484765,1,-2.7575999999999997e-06,-1,-0.006514953618126151,-1,1,שילם,Postverbal
1,0,0,0.016280437050038787,1,-5.346443e-09,-1,0.005707465326058814,1,0,פגש,Postverbal
1,5,1,-0.23372462305126016,-1,-9.920434999999998e-06,-1,-0.003943305821978826,-1,1,נשמע,Postverbal
1,0,0,-0.058359510292768896,-1,-5.483999292e-07,-1,-0.003473616334147722,-1,0,עסק,Postverbal
1,8,1,-0.1535873850734718,-1,5.616186000000001e-06,1,0.011357551741752181,1,0,המריא,Postverbal
1,0,0,0.09166533013269362,1,-6.708475e-06,-1,-0.00012829937105712785,-1,0,כתב,Postverbal
1,2,1,0.07082952599839777,1,4.729423000000001e-07,1,0.0015506376576931435,1,0,התקבל,Postverbal
1,0,0,-0.06713289249221763,-1,-1.0990200000000001e-07,-1,0.010056744055430555,1,0,הודפס,Postverbal
1,17,1,0.37385019478841625,1,1.33858e-08,1,-0.018179446052797088,-1,0,ניתן,Postverbal
1,0,0,-0.12190308696168173,-1,0.000223299996,1,0.0018661699686282618,1,-1,בא,Postverbal
1,0,0,0.1148927205668209,1,-6.579686e-06,-1,0.008693076317947634,1,0,הוצג,Postverbal
1,0,0,0.03524719833821727,1,-5.843200000000001e-07,-1,0.009227406618241951,1,0,נכתב,Postverbal
1,9,1,0.09576962018402371,1,-4.3587289000000005e-05,-1,-0.005956839651604484,-1,1,הובא,Postverbal
1,2,1,-0.026865648014193777,-1,-9.515659999999998e-06,-1,-0.0016812541111443924,-1,1,ישב,Postverbal
1,4,1,0.06016402477348905,1,-1.5983575000000002e-06,-1,0.0034441863442993825,1,0,עסק,Postverbal
1,28,1,0.14845000733478547,1,2.2392999543e-05,1,0.0021959406522864544,1,0,הוקרן,Postverbal
0,-6,-1,0.10324845543479935,1,-7.379880000000001e-07,-1,-0.0006603699665535534,-1,0,עמד,Postverbal
0,-6,-1,-0.027509125037751547,-1,-3.6539999999999995e-08,-1,0.006217544410070164,1,0,הצטבר,Postverbal
0,0,0,-0.008806128915588783,-1,-5.72796e-07,-1,0.004216077006685193,1,0,ניתן,Postverbal
0,1,1,0.18318869293691883,1,6.3660000000000055e-09,1,-0.003495894932575072,-1,0,יצא,Postverbal
0,0,0,0.16784474758225856,1,-5.323400000000002e-07,-1,0.0036346010835296982,1,0,יצא,Postverbal
0,2,1,0.09024042975612925,1,-5.50016e-07,-1,0.0008427930682655682,1,0,התעשר,Postverbal
0,-1,-1,-0.055135546626774536,-1,2.330865e-06,1,-0.002330060934439937,-1,0,התעורר,Postverbal
0,-17,-1,0.10096589509914317,1,-3.1681000000000004e-08,-1,0.008716255034949938,1,0,הציע,Postverbal
0,0,0,-0.009163647390015683,-1,-2.47725e-05,-1,-0.0015602137910433744,-1,0,נודע,Postverbal
0,1,1,0.0767543808652238,1,-6.0867e-07,-1,0.0019354462825817986,1,0,שילם,Postverbal
0,0,0,-0.10871944028329647,-1,7.072099999999999e-07,1,0.005158467550095691,1,0,הלך,Postverbal
0,0,0,0.0061320743098891295,1,-1.19373e-07,-1,-0.019290102047556934,-1,0,חזר,Postverbal
0,-24,-1,-0.21398309414939712,-1,-6.992159e-07,-1,0.0029650325843518233,1,0,יצא,Postverbal
0,-22,-1,0.05705151827538235,1,1.9691796000000003e-06,1,0.00767679847618663,1,0,נבע,Postverbal
0,-1,-1,-0.050904801414759365,-1,3.534438e-06,1,0.020896225388837564,1,0,הופיע,Postverbal
0,-1,-1,0.6901040372811076,1,-1.0841240000000001e-07,-1,-0.00031813698046129213,-1,0,נהנה,Postverbal
0,-3,-1,-0.16406082886679652,-1,4.36159588e-05,1,0.005296732602492971,1,-1,הוחדר,Postverbal
0,0,0,-0.020423459264952426,-1,2.4202900000000003e-07,1,0.004422488434836058,1,0,_,Postverbal
0,1,1,-0.11756106234753105,-1,-1.6643840000000002e-07,-1,0.0016037167352954684,1,0,סבל,Postverbal
0,-4,-1,0.08057793428520692,1,8.0694e-07,1,-0.005072916686750029,-1,0,הגיע,Postverbal
0,0,0,-0.3068152411444535,-1,2.5238819999999998e-05,1,0.013258478734516743,1,-1,פנה,Postverbal
0,-4,-1,0.09843720382205286,1,1.1137929999999998e-07,1,-0.009145915013786032,-1,0,הופיע,Postverbal
0,-1,-1,-0.022518126494001783,-1,1.8132389000000001e-06,1,0.005883245589837993,1,-1,קרא,Postverbal
0,4,1,-0.2637180100261133,-1,1.5903490000000003e-07,1,0.0018194380087984685,1,0,בא,Postverbal
0,-1,-1,-0.09318173559348202,-1,4.3636066e-05,1,0.012581954708126786,1,-1,תלה,Postverbal
0,6,1,-0.08435404000812213,-1,-8.743499895e-06,-1,-0.011019752715765996,-1,0,פנה,Postverbal
0,0,0,0.05461456255622099,1,-3.8214599999999996e-07,-1,-0.001319736704235519,-1,0,נח,Postverbal
0,-13,-1,0.022431525185367188,1,-2.856e-07,-1,0.005328112504525584,1,0,סייע,Postverbal
0,-1,-1,-0.09079364647718727,-1,0.000223442385,1,0.018166113881696866,1,-1,הגיע,Postverbal
0,-7,-1,0.2962499701882439,1,-4.534350000000001e-06,-1,-0.00043135434874996825,-1,0,השפיע,Postverbal
0,-1,-1,0.04769126279579877,1,-0.000478957265,-1,0.003119444142814176,1,0,ראה,Postverbal
0,-15,-1,-0.01498538364128349,-1,-6.004980000000001e-08,-1,0.00752780098335909,1,0,הכיר,Postverbal
0,-9,-1,0.1424410661130368,1,1.2311430000000003e-07,1,0.0038159654367944107,1,0,המתין,Postverbal
0,0,0,-0.045842759727625026,-1,1.0025503499999999e-05,1,0.005641777579068419,1,-1,שילם,Postverbal
0,-19,-1,-0.06418063059555751,-1,4.491396000000001e-06,1,0.006384737247561056,1,0,קיבל,Postverbal
0,-13,-1,-0.04943454401493638,-1,5.09894e-08,1,0.00966514839312993,1,0,גרם,Postverbal
0,1,1,-0.00459761169969225,-1,5.1408e-08,1,0.0042388231926411835,1,0,גרם,Postverbal
0,0,0,0.031862675661356366,1,6.678325999999999e-08,1,0.006818720150091051,1,0,גרם,Postverbal
0,-3,-1,-0.03429940473345562,-1,-1.7823000000000003e-07,-1,-0.00490604482564827,-1,0,נלקח,Postverbal
0,-1,-1,0.43355452425289076,1,4.5901800000000004e-07,1,0.011938223825751937,1,0,הפריד,Postverbal
0,-21,-1,-0.0762580039901638,-1,2.174227e-07,1,-0.005616961311747826,-1,0,בא,Postverbal
0,-8,-1,0.000615698915226115,1,-0.0045697648,-1,-0.005007193148001521,-1,0,בא,Postverbal
0,0,0,0.05451925181143996,1,-6.087599999999998e-09,-1,0.0004537597951788097,1,0,עבר,Postverbal
0,-4,-1,0.05975502545878704,1,-1.53105e-08,-1,-0.015352918900201684,-1,0,הוליך,Postverbal
0,0,0,0.11110606753359614,1,-3.9002199999999994e-07,-1,0.002472308898714859,1,0,צעד,Postverbal
0,-1,-1,0.1705661249670048,1,-3.96734e-07,-1,0.004218059316610956,1,0,עלה,Postverbal
0,1,1,-0.048002316937563405,-1,-9.591064999999998e-06,-1,-0.0025487215180794442,-1,1,ראה,Postverbal
0,-1,-1,-0.11239152610467133,-1,9.570132e-06,1,0.0010570039312445267,1,-1,נפל,Postverbal
0,-5,-1,-0.17469147099296745,-1,-1.8615400000000001e-07,-1,-0.018763314781963802,-1,0,עבר,Postverbal
0,-8,-1,0.0033570123387835493,1,-4.675109999999999e-06,-1,-0.000487068611772945,-1,0,פתח,Postverbal
0,1,1,-0.22665605567288014,-1,7.0918121e-07,1,-0.0036540192801291504,-1,0,חתם,Postverbal
0,-16,-1,-0.019205912884004528,-1,2.6952160000000003e-08,1,-0.00474910474042245,-1,0,נפל,Postverbal
0,0,0,0.18094825787375013,1,4.163091499999999e-06,1,0.02431257616095789,1,-1,קם,Postverbal
0,-1,-1,-0.06553589486088937,-1,9.770249999999998e-06,1,0.0014388717973397025,1,-1,מילא,Postverbal
0,-5,-1,-0.061351055454229225,-1,9.836930999999999e-06,1,0.002796073177484426,1,-1,סייע,Postverbal
0,5,1,0.16208229598948048,1,7.086399999999997e-08,1,0.003235744630127546,1,0,ישב,Postverbal
0,-7,-1,-0.0992136661160467,-1,6.496079999999999e-05,1,0.006015010204172333,1,-1,התדיין,Postverbal
0,-8,-1,0.14974808579656076,1,-3.257199999999998e-07,-1,-0.0037989093137514307,-1,0,התקשר,Postverbal
0,-1,-1,-0.036209717499599614,-1,1.0014899999999998e-05,1,0.0011528391766998936,1,-1,גרם,Postverbal
0,-16,-1,0.1805469125103223,1,1.6205020000000004e-07,1,0.01300487791430427,1,0,נבנה,Postverbal
0,-6,-1,0.05403888914741456,1,-8.820099999999998e-08,-1,-0.00477778520051142,-1,0,נרצח,Postverbal
0,-9,-1,0.0044053894473389255,1,9.575954299999999e-08,1,0.004901626476860432,1,0,בא,Postverbal
0,-37,-1,-0.0446589328956602,-1,1.666245e-05,1,0.026032452465467093,1,-1,נאבק,Postverbal
0,-8,-1,-0.05974980153230208,-1,9.50988e-08,1,-0.0020993801866829864,-1,0,הזרים,Postverbal
0,-11,-1,-0.11270899423644704,-1,1.9773e-07,1,0.0047095224442170736,1,0,לחץ,Postverbal
0,0,0,-0.05625880063263057,-1,-1.1390000000000051e-08,-1,0.0029481900224633817,1,0,הגדיל,Postverbal
0,0,0,0.01938504158585458,1,-1.4699999999999995e-07,-1,-0.025070443159885547,-1,0,נשלח,Postverbal
0,0,0,-0.006135779886928483,-1,3.282631e-06,1,-0.0014001259088426976,-1,0,קשר,Postverbal
0,-20,-1,0.015704215494862464,1,4.950059999999999e-08,1,-0.0009056163582302768,-1,0,הוזרם,Postverbal
0,1,1,0.36230428794046854,1,4.660658050000001e-06,1,0.0033871027674768905,1,0,נרצח,Postverbal
0,2,1,0.023127827198770073,1,-1.0008300000000006e-07,-1,0.0010411272965238916,1,0,השתמש,Postverbal
0,-21,-1,-0.07333844055975244,-1,1.7258787e-06,1,-0.0005495092339928842,-1,0,כתב,Postverbal
0,-4,-1,-0.17777138036145668,-1,9.965804999999999e-06,1,0.004827414502800609,1,-1,ייחס,Postverbal
0,-5,-1,0.03956540639507472,1,-4.68425e-07,-1,0.0012449552156068577,1,0,השתמש,Postverbal
0,-1,-1,0.0740658554237725,1,-4.07186543e-07,-1,-0.0028986553095173284,-1,0,נמצא,Postverbal
0,-1,-1,0.09988879404775383,1,1.3899800000000001e-06,1,0.005263324969789096,1,0,התקשר,Postverbal
0,-1,-1,-0.07609310358795303,-1,3.2638999999999985e-06,1,0.005220686265385688,1,-1,שלח,Postverbal
0,0,0,-0.15791587123176537,-1,2.5803649999999998e-05,1,0.019671242775993025,1,-1,טילפן,Postverbal
0,-1,-1,-0.015180898869069814,-1,9.872576999999998e-06,1,0.026225975098299936,1,-1,שלח,Postverbal
0,-4,-1,0.044196996646700515,1,-6.036431999999999e-07,-1,-0.006781373889418352,-1,0,ניתן,Postverbal
0,1,1,0.003030730690450456,1,1.546945e-07,1,0.0024839496658328186,1,0,זכה,Postverbal
0,-10,-1,0.12378716843687707,1,1.5809142e-07,1,0.004962696426736746,1,0,נעשה,Postverbal
0,-2,-1,0.03141857668564401,1,6.1682e-06,1,-0.010505281022867186,-1,0,התחיל,Postverbal
0,0,0,-0.036655576943730415,-1,-4.624965000000001e-06,-1,-0.009135326549746137,-1,0,ציפה,Postverbal
0,-9,-1,-0.02033190058717557,-1,-2.2667199999999995e-07,-1,0.0006408004155325497,1,0,הוליך,Postverbal
0,0,0,-0.09082153716635794,-1,2.6152249999999997e-05,1,0.002255215384917686,1,-1,זעק,Postverbal
0,-4,-1,-0.03345965391468547,-1,-4.620499999999999e-08,-1,-0.0010540632011877271,-1,0,שכב,Postverbal
0,0,0,0.008561595169196856,1,-5.01786e-06,-1,-0.0013823032155593773,-1,0,ביקר,Postverbal
0,0,0,0.013901602028448978,1,9.734100000000002e-08,1,-0.0005978402689140183,-1,0,אכל,Postverbal
0,-7,-1,-0.13253115612685734,-1,-9.29405e-08,-1,0.003959633476080304,1,0,נקלע,Postverbal
0,-9,-1,-0.03264821872028453,-1,5.11463e-10,1,-0.004685098496675533,-1,0,צפה,Postverbal
0,-1,-1,0.08933506116224935,1,3.9108000000000014e-07,1,-0.006158698235411708,-1,0,חזה,Postverbal
0,-4,-1,-0.04680023220918128,-1,-4.453000000000001e-13,-1,-0.0015510394831498298,-1,0,אמר,Postverbal
0,1,1,-0.0687311135453362,-1,-5.93385e-06,-1,0.003211907667601155,1,0,הצטרף,Postverbal
0,0,0,-0.17264259708671353,-1,-4.5032640000000005e-07,-1,-0.00923664765110388,-1,0,נהנה,Postverbal
0,-2,-1,-0.008271097533026177,-1,-2.8354800000000007e-07,-1,-0.009344353999464428,-1,0,הגיע,Postverbal
0,-10,-1,-0.1599539601595183,-1,-6.509560000000001e-08,-1,0.0038347041434390605,1,0,העמיד,Postverbal
0,-18,-1,0.1389928806794889,1,2.1935999999999992e-07,1,-0.004500299663167895,-1,0,ראה,Postverbal
0,-3,-1,0.08750093647120727,1,0.004569989319200001,1,0.0038100451295474125,1,0,ירד,Postverbal
0,1,1,0.06671623797564868,1,1.5859189499999998e-07,1,0.0036859753372723847,1,0,עבר,Postverbal
0,-5,-1,0.10746238285789006,1,6.782999088e-07,1,0.028429123651672383,1,0,הגיע,Postverbal
0,0,0,0.16620658141713943,1,7.438112000000001e-07,1,-0.0022375948400478185,-1,0,נתפר,Postverbal
0,-2,-1,0.282686167737558,1,7.666960000000001e-07,1,0.03388876760315035,1,0,לבש,Postverbal
0,-2,-1,-0.0026785854175820634,-1,1.194598e-07,1,0.021399610192794516,1,0,הוסיף,Postverbal
0,-6,-1,-0.008107203982975573,-1,-1.8015800000000007e-07,-1,0.00176036692863063,1,0,ניתן,Postverbal
0,-5,-1,-0.013363164355498502,-1,-1.8794125000000002e-06,-1,-0.005469234115603905,-1,0,השתמש,Postverbal
0,-28,-1,0.10340449009973962,1,-1.4396899999999998e-07,-1,-0.004466314428822948,-1,0,נפרד,Postverbal
0,-9,-1,0.03321108942882105,1,-1.0594000000000001e-07,-1,0.00025210145384424454,1,0,הובא,Postverbal
0,-5,-1,-0.09206379675479531,-1,-2.7328600000000003e-07,-1,0.004827027056946376,1,0,נהרג,Postverbal
0,-9,-1,0.08110656018540255,1,-1.336088e-07,-1,-0.001306663031427846,-1,0,התמנה,Postverbal
0,-24,-1,0.2589049653315613,1,-1.429437e-05,-1,-0.007759835399944237,-1,1,ליווה,Postverbal
0,4,1,0.09447841471260966,1,2.1692100000000001e-07,1,-0.00013559036966154236,-1,0,הגיע,Postverbal
0,-9,-1,-0.1183454019033971,-1,-4.877950000000001e-07,-1,-0.005448757959539363,-1,0,תרם,Postverbal
0,-2,-1,-0.09643605057833507,-1,7.143829999999998e-06,1,0.0018543559409436305,1,-1,סייע,Postverbal
0,-1,-1,-0.1889974895740116,-1,4.982699999999993e-09,1,-0.006564753517153521,-1,0,נהנה,Postverbal
0,-2,-1,0.029619414037562436,1,0.001049935563,1,-0.0015657078491944088,-1,0,הגיע,Postverbal
0,-3,-1,-0.027875736346553548,-1,8.330999999999999e-06,1,0.01276016800681673,1,-1,יש,Postverbal
0,-2,-1,-0.0478194306952011,-1,4.296714e-05,1,0.022208512961118254,1,-1,חוזק,Postverbal
0,2,1,-0.14983389507169984,-1,3.5594992919999995e-07,1,0.001665437628118216,1,0,שב,Postverbal
0,-21,-1,0.12730675586276316,1,-2.7748550000000006e-06,-1,0.002111670182287473,1,0,השתמש,Postverbal
0,-1,-1,-0.031817723256179015,-1,1.0609799999999998e-07,1,0.0011649202233218747,1,0,פנה,Postverbal
0,-3,-1,-0.015442072952786295,-1,4.640000000000232e-10,1,0.0012311776452675338,1,0,בא,Postverbal
0,-5,-1,-0.026023480596851167,-1,-1.33901e-07,-1,0.004007161107284607,1,0,התאים,Postverbal
0,-6,-1,0.062002192387189514,1,4.03955e-05,1,0.0035352395440189643,1,-1,איים,Postverbal
0,1,1,0.051953915225589786,1,4.506141e-07,1,0.00073677031732583,1,0,נמלט,Postverbal
0,-10,-1,0.08520711503138062,1,4.5605759999999995e-07,1,0.008410044778790926,1,0,נמלט,Postverbal
0,0,0,0.06898602555766316,1,1.193735e-07,1,0.0009941505540754791,1,0,אמר,Postverbal
0,-1,-1,0.012517840631235531,1,-9.2023e-08,-1,0.0017026755261605464,1,0,צעק,Postverbal
0,-4,-1,-0.3460272244692018,-1,-3.30782635e-07,-1,-0.006299823877351396,-1,0,התקרב,Postverbal
0,-2,-1,0.021254658601690124,1,9.938384999999999e-06,1,0.0068630659316880616,1,-1,סימן,Postverbal
0,-11,-1,0.2093156030977411,1,4.16271076e-07,1,0.008230612824273675,1,0,קיים,Postverbal
0,-4,-1,0.05766871429306024,1,2.0336500000000002e-07,1,0.010035644066076932,1,0,הודה,Postverbal
0,1,1,0.06555786711423867,1,2.31898e-06,1,-0.0015815326085779624,-1,0,הורה,Postverbal
0,-2,-1,-0.016400582485183515,-1,-6.763599895e-06,-1,-0.0016929541538140969,-1,0,נכנס,Postverbal
0,-5,-1,-0.012496098754389479,-1,-8.4356364e-07,-1,0.0020923687929706447,1,0,פעל,Postverbal
0,-7,-1,-0.06129387344797885,-1,6.51225e-06,1,-0.0063897979161051666,-1,0,נכתב,Postverbal
0,6,1,-0.05926997604003567,-1,5.44744e-06,1,0.008901520789104223,1,0,שתל,Postverbal
0,-9,-1,0.03651643679019406,1,8.019099999999998e-08,1,0.002779070150233598,1,0,נשאר,Postverbal
0,2,1,-0.0005343537165615198,-1,-1.418469e-07,-1,-0.004746318254607973,-1,0,מצא,Postverbal
0,-6,-1,-0.013854890845900247,-1,-3.12261e-07,-1,-0.0024637559815384735,-1,0,חזר,Postverbal
0,1,1,0.01922545724901871,1,-5.082e-08,-1,-0.01196451231639345,-1,0,הגיע,Postverbal
0,-4,-1,-0.0967038371112301,-1,0.00013785584999999998,1,0.007765401246431158,1,-1,כיפר,Postverbal
0,-16,-1,-0.07682905469424245,-1,-3.81349895e-07,-1,0.001003016577124538,1,0,_,Postverbal
0,-4,-1,0.1431348756781712,1,4.5383750000000003e-07,1,0.002482256822424922,1,0,משך,Postverbal
0,-15,-1,-0.06367272138644683,-1,-4.9632e-07,-1,-0.011358545380289575,-1,0,הביא,Postverbal
0,-1,-1,-0.11302774235717128,-1,1.081792e-08,1,0.0013207966987395792,1,0,נחלץ,Postverbal
0,-4,-1,0.13709634318451747,1,6.6948000000000005e-09,1,0.0018850159915833054,1,0,הודח,Postverbal
0,-5,-1,-0.02851270169225778,-1,-8.962000000000024e-09,-1,-0.0030688674019376805,-1,0,בא,Postverbal
0,3,1,-0.0163205020170223,-1,6.7601308e-06,1,0.004394999359954022,1,0,חזר,Postverbal
0,-9,-1,0.0730376084290441,1,-1.0809000000000001e-07,-1,-0.0004361356102233205,-1,0,הצהיר,Postverbal
0,-27,-1,-0.06734106312588717,-1,6.961400000000001e-07,1,0.005059780436613426,1,0,פתח,Postverbal
0,-10,-1,0.05061168023620477,1,2.1775382000000001e-07,1,0.002039741748004975,1,0,זכה,Postverbal
0,-32,-1,-0.012287374792651781,-1,8.043376e-07,1,0.006767028684984411,1,0,ניצח,Postverbal
0,-8,-1,0.09002867275935883,1,-1.685702e-06,-1,0.0011234453105244957,1,0,עבר,Postverbal
0,0,0,-0.022082895440966116,-1,-5.390445e-06,-1,0.0010069612942180672,1,0,הועמד,Postverbal
0,-5,-1,-0.20376104861470806,-1,3.839868e-07,1,-0.0011797271121221642,-1,-1,_,Postverbal
0,2,1,0.23853946870274068,1,4.643406e-08,1,-0.006076879372917621,-1,0,התייחס,Postverbal
0,-9,-1,-0.057134228812747045,-1,-1.990786e-07,-1,0.026803259857039463,1,0,מת,Postverbal
0,-1,-1,0.058206293023633435,1,-1.9378199999999998e-07,-1,-0.020966702761172462,-1,0,אמר,Postverbal
0,-14,-1,-0.06557656223417016,-1,3.431355e-06,1,0.013214616062674156,1,0,סטה,Postverbal
0,-4,-1,-0.09254627641025318,-1,4.1557e-06,1,0.006491638592719284,1,-1,התנתק,Postverbal
0,-4,-1,-0.001552412660998398,-1,9.333000000000006e-08,1,0.007316796198558295,1,0,הצטרף,Postverbal
0,-29,-1,-0.1549000275215179,-1,-1.1658070000000001e-06,-1,-0.0054954153492214886,-1,0,דקדק,Postverbal
0,-2,-1,-0.06601269437346333,-1,-4.6567500000000005e-07,-1,0.0004562394570739592,1,0,חזר,Postverbal
0,0,0,-0.0987741812536655,-1,-1.1837780000000002e-07,-1,-0.010606880530983909,-1,0,הגיב,Postverbal
0,-2,-1,0.02090615563439606,1,-1.4379999999999998e-07,-1,-0.0007814591761466372,-1,0,הכניס,Postverbal
0,-1,-1,0.010582858756431099,1,-7.814700000000002e-08,-1,0.0024415180766353406,1,0,עסק,Postverbal
0,-1,-1,-0.027350171575163146,-1,1.5674052000000002e-06,1,0.0002943655390637012,1,0,עשה,Postverbal
0,4,1,0.17055879969828253,1,-6.1411e-11,-1,-0.004212995634241823,-1,0,התייחס,Postverbal
0,-1,-1,-0.015906995315523975,-1,-6.73189e-06,-1,-0.0028879721101940925,-1,0,יצא,Postverbal
0,1,1,0.19421358895913649,1,4.081099999999998e-08,1,-0.00719328333691216,-1,0,יצא,Postverbal
0,3,1,0.11729794631303382,1,1.7199716e-07,1,0.003915981141995983,1,0,ביצע,Postverbal
0,-1,-1,-0.11120889878110571,-1,5.108088e-06,1,0.012537781470446874,1,-1,ציפה,Postverbal
0,-2,-1,0.05813697787285202,1,-1.3773e-07,-1,-0.0016097316904949421,-1,0,הביא,Postverbal
0,-2,-1,0.06756729275900787,1,1.02153e-07,1,-0.0030113612544834245,-1,0,הגיע,Postverbal
0,-5,-1,0.24745334944808936,1,6.88272e-07,1,2.6795127869905233e-05,1,0,הגביר,Postverbal
0,0,0,0.17789905273195827,1,1.2293300000000006e-07,1,0.003831891834259027,1,0,שיווק,Postverbal
0,-8,-1,-0.22786093328158002,-1,2.6262498549999996e-05,1,0.004018712748170394,1,-1,התרגל,Postverbal
0,-45,-1,0.03558763186608159,1,-3.4792398e-05,-1,-0.024389360239138402,-1,1,העיר,Postverbal
0,3,1,0.05156862959308979,1,3.6482000000000005e-06,1,-0.004294734864797589,-1,0,נמצא,Postverbal
0,0,0,-0.1253762859564347,-1,-1.7337700000000003e-08,-1,0.005234597571562971,1,0,נפל,Postverbal
0,-4,-1,-0.0868918524114089,-1,-3.71699308e-08,-1,-0.006474225443879045,-1,0,נותר,Postverbal
0,-2,-1,-0.015363200558270132,-1,-1.7391650000000003e-06,-1,0.0009069767720270017,1,0,חזר,Postverbal
0,1,1,0.021337839379772752,1,2.0170500000000002e-08,1,-0.0007282421777097259,-1,0,הוציא,Postverbal
0,-2,-1,-0.19767597691070252,-1,3.71863e-07,1,0.00011634092882201186,1,0,השתלט,Postverbal
0,3,1,-0.011071392145751757,-1,8.935394999999999e-09,1,0.0049506249844570305,1,0,הביא,Postverbal
0,-1,-1,-0.1110809879623465,-1,7.926300000000001e-08,1,0.003947834136729056,1,-1,התייחס,Postverbal
0,-7,-1,-0.036694623887076,-1,-3.0329350000000005e-07,-1,-0.002451958079567662,-1,0,הלך,Postverbal
0,-1,-1,-0.11502493928054025,-1,-6.75979804e-06,-1,-0.0002714242203217254,-1,0,התרחק,Postverbal
0,-5,-1,0.07812216321457346,1,6.0497659999999996e-06,1,0.000586741061081697,1,0,בוצע,Postverbal
0,-6,-1,0.014542264803982893,1,-2.6619700000000006e-07,-1,-0.004039338136412329,-1,0,הוצא,Postverbal
0,2,1,-0.27427641195784946,-1,0.004569800291,1,-0.00018019512029876505,-1,0,_,Postverbal
0,-3,-1,-0.2117027803637678,-1,-5.3468895000000003e-08,-1,0.00014062327174391154,1,0,הפך,Postverbal
0,4,1,0.0736271192910299,1,-3.199732e-08,-1,0.003692185376902468,1,0,צפה,Postverbal
0,4,1,-0.01242401948688135,-1,2.5590000000000006e-07,1,0.014440441740039056,1,0,התארגן,Postverbal
0,-7,-1,0.113106660093868,1,2.403914e-07,1,-0.003273550753979615,-1,0,נשאר,Postverbal
0,-4,-1,-0.12335238212866442,-1,2.5073500000000005e-07,1,-0.002626841881480768,-1,0,נחתם,Postverbal
0,1,1,-0.01731773313420574,-1,-5.3753e-08,-1,0.007218169588651457,1,0,אמר,Postverbal
0,-5,-1,-0.33137542039963336,-1,1.1656800000000004e-07,1,-0.006056864723723965,-1,0,הגיע,Postverbal
0,0,0,-0.3476973119833311,-1,2.6261721199999997e-05,1,0.006584599701443594,1,-1,הגיע,Postverbal
0,-4,-1,-0.015005150688056523,-1,-8.96665e-07,-1,-0.007784505817148013,-1,0,בא,Postverbal
0,-3,-1,-0.15932955191954706,-1,-3.2266399999999996e-07,-1,0.0021579576483328755,1,0,שם,Postverbal
0,-4,-1,0.030791222411257507,1,1.3709999999999992e-07,1,-0.0015283917477605935,-1,0,נחשף,Postverbal
0,-1,-1,-0.035099263803546096,-1,-3.0312810000000003e-07,-1,0.0005872567348819691,1,0,ביצע,Postverbal
0,1,1,0.19634404683435014,1,5.34612e-07,1,0.0035170126891207465,1,0,ביצע,Postverbal
0,-4,-1,0.0481534712027821,1,4.36365831e-05,1,0.009426324835764055,1,-1,ביצע,Postverbal
0,-3,-1,-0.16854083130653597,-1,4.404965e-06,1,0.004654297576990818,1,-1,הגיש,Postverbal
0,-4,-1,-0.1514035980078976,-1,0.00013779864,1,0.015620656372511366,1,-1,חלף,Postverbal
0,-6,-1,-0.13118436729602473,-1,-0.0006915821,-1,0.0031330701417996987,1,-1,אימץ,Postverbal
0,1,1,-0.19908060558667334,-1,9.103624000000001e-06,1,0.010238817044382842,1,0,המיט,Postverbal
0,-1,-1,-0.1483962127950606,-1,9.680636999999998e-06,1,0.007073269142266081,1,-1,הוציא,Postverbal
0,-1,-1,-0.13932170854015474,-1,9.050459999999998e-06,1,0.010614985676994149,1,-1,יצא,Postverbal
0,-4,-1,0.11854673296705864,1,1.9133200000000006e-07,1,0.0035452934364330613,1,0,מינה,Postverbal
0,-4,-1,-0.03384721309850035,-1,4.479514000000001e-06,1,-0.000605518281679096,-1,0,שרר,Postverbal
0,-18,-1,-0.05591822372128219,-1,3.865711e-07,1,0.0043504786895142145,1,0,הוקם,Postverbal
0,2,1,-0.2712617263634032,-1,-6.30598345e-06,-1,-0.00992728358329753,-1,0,נכבש,Postverbal
0,-1,-1,0.0025961225885114195,1,5.73944e-06,1,-0.0003245560939394432,-1,0,החליף,Postverbal
0,-16,-1,-0.0841243128335879,-1,-1.3198892e-07,-1,0.0020558059976730214,1,0,חי,Postverbal
0,-3,-1,-0.08682071166460828,-1,7.707249999999999e-07,1,0.011949449866846706,1,0,קיבל,Postverbal
0,-1,-1,0.023288588492198524,1,1.0358399999999998e-07,1,0.009060959509289312,1,0,העביר,Postverbal
0,0,0,0.021660355158139494,1,2.456832e-07,1,0.003881673422166221,1,0,תלה,Postverbal
0,0,0,0.018328694970038112,1,-1.6589054300000002e-07,-1,0.016588182257653517,1,0,ביקר,Postverbal
0,-4,-1,-0.09653086155348292,-1,-7.104930800000001e-08,-1,0.014777953144039735,1,0,התכתש,Postverbal
0,-3,-1,-0.005484618276743403,-1,5.211655e-06,1,0.008045473502497902,1,-1,זז,Postverbal
0,-3,-1,0.14288517365177317,1,4.3400399999999993e-08,1,0.0004655201760636052,1,0,הגיע,Postverbal
0,-2,-1,-0.2794878268224861,-1,1.7750432499999998e-05,1,0.011901734953793819,1,-1,איחד,Postverbal
0,-1,-1,-0.05155213748627864,-1,4.897868e-06,1,0.010540133818473185,1,-1,פרץ,Postverbal
0,-1,-1,0.01829426510020836,1,-8.00094e-08,-1,-0.000735493853408431,-1,0,יצא,Postverbal
0,-7,-1,0.2738048753981733,1,-1.77040944e-05,-1,-0.025582816221898397,-1,1,קיבל,Postverbal
0,-6,-1,-0.10921137791965954,-1,-5.420980000000001e-07,-1,-0.0018383109368080852,-1,0,נערך,Postverbal
0,2,1,-0.04026153976976721,-1,1.5263800000000002e-06,1,0.0026049398995946493,1,0,הופיע,Postverbal
0,-4,-1,-0.05399292812179349,-1,-4.803199999999998e-09,-1,-0.0016325061749971614,-1,0,הוגבל,Postverbal
0,-5,-1,-0.022947818902518236,-1,3.9822e-08,1,-0.010061955135281186,-1,0,תוכנן,Postverbal
0,-8,-1,0.040820734727589764,1,2.96136e-07,1,0.011197743076535427,1,0,נמכר,Postverbal
0,-5,-1,0.22920247434604496,1,-2.08848895e-07,-1,0.00029331851253672214,1,0,זרם,Postverbal
0,0,0,-0.04473688926263715,-1,1.7990500000000002e-06,1,-0.001684682780727531,-1,0,קיים,Postverbal
0,-9,-1,-0.09085493670445213,-1,-4.634700000000001e-07,-1,-0.003481509447002873,-1,0,ניתן,Postverbal
0,-1,-1,0.13182507844654653,1,-2.2442599999999995e-07,-1,-0.0024710239073066353,-1,0,הוחלט,Postverbal
0,-21,-1,0.06047606599980883,1,2.88864e-07,1,0.010706172459731156,1,0,חשש,Postverbal
0,2,1,0.1634962836589075,1,1.91827e-07,1,-0.004823180402723004,-1,0,נכנס,Postverbal
0,-3,-1,0.06297082534209252,1,7.32192e-07,1,-0.0014107890514293286,-1,0,הביא,Postverbal
0,2,1,0.002554774933289816,1,-1.5995000000000016e-07,-1,-0.004728548482515749,-1,0,ראיין,Postverbal
0,-2,-1,-0.01492086532369949,-1,1.5812200000000004e-07,1,0.003928323482957519,1,0,השתתף,Postverbal
0,-17,-1,-0.03993962149172961,-1,3.7483000000000005e-08,1,0.0003896540909365531,1,0,שקד,Postverbal
0,-1,-1,-0.03981863345297341,-1,1.2021299999999997e-07,1,-0.0006174718969301218,-1,0,יתוספו,Postverbal
0,-4,-1,-0.016838208051961952,-1,-4.269095e-08,-1,0.001769711022860776,1,0,הגיע,Postverbal
0,0,0,0.15615628735292555,1,5.527758e-07,1,-0.000203022208068393,-1,0,פעל,Postverbal
0,-5,-1,0.06996517724423854,1,5.93186e-06,1,-0.0001956984204751766,-1,0,הוקם,Postverbal
0,-9,-1,0.04653193342391963,1,-8.338272000000001e-07,-1,-0.000738933046459167,-1,0,הופץ,Postverbal
0,-3,-1,-0.028402271098432755,-1,-6.461980000000002e-07,-1,-0.00010593821361032374,-1,0,שימש,Postverbal
0,2,1,0.04584161864869779,1,1.4645109999999998e-07,1,0.0016800326299273305,1,0,יש,Postverbal
0,-5,-1,0.029251221361654367,1,1.1973400000000003e-07,1,0.004476969748511694,1,0,עסק,Postverbal
0,1,1,0.20336314842008907,1,7.705229999999999e-07,1,0.0022330358300904907,1,0,התמקד,Postverbal
0,-34,-1,-0.05001261718975278,-1,8.925999999999999e-07,1,0.009589280703547975,1,-1,לחץ,Postverbal
0,-14,-1,-0.005761450782506949,-1,5.13211e-07,1,-0.0005018967643854455,-1,0,דן,Postverbal
0,-1,-1,-0.04987841719666455,-1,1.0080999999999999e-07,1,0.004419791558908592,1,0,הכתיב,Postverbal
0,-1,-1,-0.14527322440853613,-1,4.543499999999999e-06,1,0.007164448172910842,1,-1,הכין,Postverbal
0,-1,-1,-0.009388243735622609,-1,4.1943460000000007e-05,1,0.0012298797337245704,1,-1,הצטיין,Postverbal
0,0,0,0.04107810395780987,1,-2.0884892920000002e-07,-1,0.0003193764887994832,1,0,אמר,Postverbal
0,1,1,-0.02951184341166593,-1,-1.14707e-07,-1,0.003125429766038801,1,0,מסר,Postverbal
0,0,0,-0.1440786295270053,-1,6.671500000000008e-08,1,0.004079159435031843,1,0,ביסס,Postverbal
0,-1,-1,-0.16711045319583678,-1,4.145844e-06,1,0.004348163297639485,1,-1,נמסר,Postverbal
0,4,1,-0.1868680027231057,-1,1.790824e-07,1,-0.005738765824050529,-1,0,שמר,Postverbal
0,-2,-1,-0.21029620078920036,-1,1.6963565e-05,1,0.007804545566660437,1,0,העליל,Postverbal
0,-2,-1,-0.04814885156447256,-1,4.559032000000001e-06,1,0.0018154680192203343,1,0,למד,Postverbal
0,-7,-1,-0.011598310590863775,-1,2.4030000000000064e-08,1,-0.0004253252805077601,-1,0,הבטיח,Postverbal
0,-3,-1,0.04213527031815502,1,-1.6086399999999998e-08,-1,-0.0030588632963174933,-1,0,לימד,Postverbal
0,3,1,-0.01633722109252321,-1,-5.75363e-08,-1,0.01628368411977843,1,0,למד,Postverbal
0,1,1,-0.07291984504021234,-1,6.05068e-06,1,0.01015493302244963,1,0,למד,Postverbal
0,0,0,-0.04587532982449878,-1,6.384e-08,1,0.0010321794381284999,1,0,אין,Postverbal
0,-1,-1,0.05399805231483987,1,-3.3058800000000005e-07,-1,-0.017151469522730833,-1,0,סייע,Postverbal
0,-12,-1,-0.13572450713607787,-1,1.0020065999999998e-05,1,0.0018909559420698385,1,-1,אין,Postverbal
0,-5,-1,0.14981700985482407,1,2.9940390000000006e-07,1,0.0005928847999773224,1,0,העלה,Postverbal
0,3,1,0.0846548187988231,1,1.334435e-05,1,0.011370982946408259,1,0,שמר,Postverbal
0,-24,-1,-0.11888028331615272,-1,-3.538692e-08,-1,-0.0043643992025744205,-1,0,תקף,Postverbal
0,0,0,-0.25301912795113995,-1,1.4085101e-05,1,0.017728440734704143,1,-1,רשם,Postverbal
0,-5,-1,-0.14941469101576016,-1,2.2793869999999997e-05,1,0.001980468061820728,1,-1,העביר,Postverbal
0,-4,-1,0.1802388849407176,1,-5.622899999999998e-09,-1,-0.0040921321496215635,-1,0,שאף,Postverbal
0,0,0,-0.1321874647699654,-1,1.1424999999999999e-06,1,0.0019154980088039175,1,0,התקיים,Postverbal
0,-3,-1,-0.10764602085669342,-1,-1.9790300000000002e-07,-1,0.006875490246549099,1,0,נכנס,Postverbal
0,-20,-1,0.22486687039232006,1,5.9033799999999994e-08,1,0.0001763801495932027,1,0,הובא,Postverbal
0,-10,-1,-0.08073556968548527,-1,4.3469840000000005e-05,1,0.006072866792527276,1,-1,הכליל,Postverbal
0,0,0,0.0005994787252862344,1,2.471900000000005e-08,1,-0.004551741532459075,-1,0,עלה,Postverbal
0,-10,-1,-0.006743606553077729,-1,-1.0557870000000002e-06,-1,0.0014720277929440306,1,0,הלך,Postverbal
0,-6,-1,-0.14050239460746358,-1,2.55793e-06,1,-0.001820090508632799,-1,0,הגן,Postverbal
0,1,1,-0.19366163652551388,-1,-6.2252e-06,-1,-0.0008697816026828065,-1,0,הוגלה,Postverbal
0,-14,-1,0.014321546271136243,1,1.0132147e-05,1,0.017999904281707224,1,0,קרא,Postverbal
0,3,1,-0.16801824157646372,-1,2.1591500000000003e-06,1,-0.003548026831286577,-1,0,הטיל,Postverbal
0,-10,-1,0.14731983255419473,1,1.5836439999999998e-08,1,-0.002278644655417772,-1,0,הפגין,Postverbal
0,-12,-1,0.11803978171364833,1,-5.00415e-07,-1,-0.0030636810688033367,-1,0,הערים,Postverbal
0,-37,-1,-0.12851767272882153,-1,1.9469699999999999e-07,1,0.03491449689330928,1,0,נתמך,Postverbal
0,0,0,0.0818506100176784,1,-2.0884895430000003e-06,-1,0.002353539393008919,1,0,שלט,Postverbal
0,0,0,0.030212741912392344,1,1.0722590999999998e-05,1,0.004804889685253555,1,-1,התנסה,Postverbal
0,-13,-1,0.1629137132160197,1,1.1940824e-06,1,0.00790796858327536,1,0,הוגדר,Postverbal
0,0,0,0.026345664395143187,1,-2.620500000000001e-07,-1,-0.0040976644634477255,-1,1,הופנה,Postverbal
0,-11,-1,0.09482336890280804,1,-6.822e-08,-1,-0.0012580630089345513,-1,0,השלים,Postverbal
0,-5,-1,-0.03957686289080194,-1,1.9285400000000001e-07,1,0.008730813688835215,1,0,נוהל,Postverbal
0,-8,-1,-0.0907065993115885,-1,1.4936632999999998e-06,1,0.0014017887714624089,1,0,פנה,Postverbal
0,-8,-1,-0.07747393496520945,-1,-3.2766500000000004e-07,-1,-0.0014343948454499933,-1,0,החליט,Postverbal
0,-11,-1,-0.049445713473352707,-1,2.2810199999999995e-06,1,0.0022865257039921816,1,0,הגיע,Postverbal
0,0,0,0.010956774971816768,1,6.544697e-06,1,0.0010135273184292415,1,0,התפרסם,Postverbal
0,-2,-1,-0.024858731266396816,-1,6.7019427999999996e-06,1,-0.0003309207969619532,-1,0,תואר,Postverbal
0,-19,-1,0.04808617276321123,1,6.5809e-06,1,0.0009239115334588877,1,0,הכריז,Postverbal
0,3,1,-0.23949701007304053,-1,-1.777294e-07,-1,-0.0037539096869559363,-1,0,הפגין,Postverbal
0,-7,-1,-0.018810122728290343,-1,-1.0488149999999999e-05,-1,-0.0019760352654739077,-1,1,סייע,Postverbal
0,-3,-1,-0.01355758144280049,-1,1.7137500000000004e-07,1,0.0026504025136476206,1,0,הודה,Postverbal
0,-6,-1,-0.05675974034195974,-1,-2.308532e-06,-1,-0.00869181391780699,-1,0,דן,Postverbal
0,2,1,-0.1487464348466625,-1,1.4667529999999998e-07,1,-0.0004902574672220883,-1,0,איים,Postverbal
0,-3,-1,0.018449872194432407,1,4.2955500000000006e-07,1,0.001408590312160285,1,0,נראה,Postverbal
0,-3,-1,-0.05515004451350608,-1,-2.9441500000000004e-09,-1,0.0011006153432285837,1,0,החליט,Postverbal
0,-3,-1,-0.0189369502917828,-1,1.36933e-06,1,-0.0036368017229690963,-1,0,החליט,Postverbal
0,-5,-1,0.1369542123484344,1,0.0010499653022,1,0.0020757496434228306,1,0,ניגש,Postverbal
0,0,0,0.017271229660740628,1,7.735500000000001e-08,1,-0.002735484587894299,-1,0,נע,Postverbal
0,-2,-1,0.04181732591864169,1,-1.24146e-08,-1,0.0001358327403956916,1,0,העלה,Postverbal
0,0,0,0.02624558386610132,1,-3.3551399999999996e-08,-1,-0.0022748164115244385,-1,0,פילג,Postverbal
0,0,0,-0.16165367635459735,-1,1.00168e-06,1,0.004988248893748659,1,0,שוחח,Postverbal
0,-5,-1,-0.029468487312645925,-1,-5.499999999999999e-09,-1,0.005157907585117361,1,0,עקר,Postverbal
0,-2,-1,-0.03549209752433333,-1,1.8968249999999998e-07,1,-0.014827708638853188,-1,0,הציע,Postverbal
0,-1,-1,0.005216213192755587,1,-0.0,0,-0.004124106637779568,-1,0,התקין,Postverbal
0,1,1,0.03087747884003368,1,-6.0714e-06,-1,-0.00010365537234008348,-1,0,חיזר,Postverbal
0,-1,-1,0.10528065316791878,1,6.607365e-07,1,0.003770012938237477,1,0,נתן,Postverbal
0,0,0,0.059464091938103335,1,-6.691394e-06,-1,0.004375150335391154,1,0,נודע,Postverbal
0,3,1,-0.15236330782457225,-1,0.00069161076,1,0.0006848983296606215,1,0,קטל,Postverbal
0,-12,-1,0.03817661848477291,1,-5.438300000000001e-07,-1,0.0010836243508809962,1,0,דן,Postverbal
0,-10,-1,0.06257913021558677,1,6.432732e-06,1,-0.006667814335393707,-1,0,נקט,Postverbal
0,-12,-1,0.06779066518722358,1,1.642408e-07,1,0.0013296805640057308,1,0,החליט,Postverbal
0,0,0,0.04078322662512014,1,-3.57525e-07,-1,-0.003720849821840677,-1,0,הביא,Postverbal
0,-7,-1,0.1011517382056287,1,8.322315e-08,1,0.008776818503598016,1,0,פגע,Postverbal
0,-1,-1,0.12447777394081959,1,1.04704644e-06,1,-0.0023901447833097333,-1,0,הפסיק,Postverbal
0,-49,-1,0.05293579558238967,1,4.4205500000000005e-07,1,0.0005955241105642939,1,0,זימן,Postverbal
0,-14,-1,0.21055779740327207,1,2.76728e-08,1,-0.0064998843295236974,-1,0,הוגדר,Postverbal
0,-13,-1,-0.00875641338520848,-1,-2.0107999999999984e-08,-1,0.003968312643203742,1,0,פעל,Postverbal
0,-15,-1,-0.15018344297644962,-1,4.3632265e-05,1,0.004776813603260377,1,-1,ניתן,Postverbal
0,0,0,0.03450064164860475,1,6.946400000000005e-08,1,0.0017176348565065558,1,0,תמך,Postverbal
0,-3,-1,-0.16712143582551958,-1,-1.1401400000000002e-07,-1,0.004420483513366491,1,0,התלווה,Postverbal
0,-5,-1,-0.009621082688627935,-1,9.776149999999998e-06,1,0.006958465020618865,1,-1,הריע,Postverbal
0,-2,-1,0.16984576651134997,1,-4.2692329199999995e-08,-1,-0.0037471202051293506,-1,0,נמנע,Postverbal
0,1,1,0.13800428619796445,1,1.353194e-07,1,0.004543153599109562,1,0,ירד,Postverbal
0,-3,-1,-0.0293471184239716,-1,-1.8243950000000002e-07,-1,0.008043339605946054,1,0,הגיע,Postverbal
0,-13,-1,0.0552543303084151,1,-3.21728e-07,-1,-0.0026260852143884517,-1,0,צוייד,Postverbal
0,-1,-1,-0.058144135465131974,-1,1.942132e-06,1,0.011004955245540349,1,0,התנהל,Postverbal
0,-2,-1,-0.08270931815021598,-1,8.478429999999999e-06,1,0.014305372701922392,1,-1,היה,Postverbal
0,-10,-1,0.07790439806131358,1,7.67034e-07,1,0.0037472525013353963,1,0,הטיל,Postverbal
0,-3,-1,0.05545467893026984,1,-1.4620940000000003e-07,-1,0.0022795969794315862,1,0,יצא,Postverbal
0,-1,-1,-0.0583457091372446,-1,4.3620604300000006e-05,1,0.011447029347982918,1,-1,הביע,Postverbal
0,-1,-1,-0.050608864433170725,-1,-6.12995e-06,-1,0.0036114152582121806,1,0,עבר,Postverbal
0,-8,-1,-0.05353888094382615,-1,6.468378e-06,1,-0.0024541396522716474,-1,0,פרץ,Postverbal
0,2,1,0.028399496881039293,1,8.440789999999999e-08,1,-0.012373704280308317,-1,0,התלקח,Postverbal
0,1,1,0.17356708223700534,1,1.5526198599999998e-06,1,-0.0056012771399743255,-1,0,נעצר,Postverbal
0,-4,-1,-0.08377614254184806,-1,1.3685265e-06,1,0.008880372236131473,1,0,חתם,Postverbal
0,-1,-1,0.0983733392194184,1,2.2647150000000003e-06,1,0.0005992551593203554,1,0,הסגיר,Postverbal
0,-4,-1,-0.0026875671290000486,-1,1.5004800000000002e-06,1,0.007337124175651577,1,0,תפס,Postverbal
0,-1,-1,-0.0836180567891731,-1,6.408968e-06,1,-0.00789862275268538,-1,0,אירע,Postverbal
0,-1,-1,0.23314356742239484,1,-1.4289999999999994e-07,-1,0.0007440226246485104,1,0,הגיע,Postverbal
0,-2,-1,0.06149703622295187,1,9.396500000000002e-08,1,-0.009330870022280835,-1,0,יצא,Postverbal
0,-4,-1,-0.0836180567891731,-1,6.408968e-06,1,-0.0026676042334324856,-1,0,אירע,Postverbal
0,-2,-1,0.10438542052665453,1,-2.1930864e-07,-1,-0.00750847831482232,-1,0,חזר,Postverbal
0,-1,-1,0.030236927258355223,1,3.2707490000000007e-07,1,-0.0005816134672653739,-1,0,התנגש,Postverbal
0,-2,-1,-0.04866356169122654,-1,-6.6566619999999995e-06,-1,0.006619107832384341,1,0,נפצע,Postverbal
0,-1,-1,0.04866356169122654,1,6.6566619999999995e-06,1,-0.002130851141775747,-1,0,נפצע,Postverbal
0,-7,-1,-0.051627323571200104,-1,1.37913e-06,1,-0.0014518484142635457,-1,0,פינה,Postverbal
0,-2,-1,0.10223892815946664,1,1.09823e-06,1,0.0027765462268014574,1,0,נקלע,Postverbal
0,-6,-1,0.08375487065934183,1,7.314800000000001e-07,1,-0.0018526781635944123,-1,0,המליץ,Postverbal
0,-1,-1,0.13315376931488673,1,-1.6573599900000002e-07,-1,0.0009184114653826292,1,0,הוערך,Postverbal
0,-2,-1,-0.022869975022301953,-1,6.310300000000001e-07,1,-0.0025551873926092372,-1,0,גונן,Postverbal
0,-3,-1,-0.10096402386609465,-1,4.2957999999999993e-08,1,-0.0005987291586311283,-1,0,נע,Postverbal
0,0,0,-0.11392744611460909,-1,0.000138165676,1,0.002529157129614712,1,-1,התנפל,Postverbal
0,0,0,-0.05080755359688094,-1,0.00013754272,1,0.005166621207692623,1,-1,פתח,Postverbal
0,-4,-1,-0.07778352963947152,-1,2.559200000000001e-07,1,0.00541360990394496,1,0,הכיר,Postverbal
0,-22,-1,0.18126726715060987,1,-2.133999292e-07,-1,-0.006687817873428592,-1,0,הגיח,Postverbal
0,0,0,0.10321183510242835,1,3.0207699718e-07,1,-0.001269901520543626,-1,0,נשא,Postverbal
0,-5,-1,0.14364328566539727,1,2.908906e-07,1,-0.00869746857880127,-1,0,התאושש,Postverbal
0,-1,-1,0.009394366204579202,1,-3.7770400000000006e-07,-1,0.0009592947144139718,1,0,הושבע,Postverbal
0,0,0,0.02540448118639907,1,-6.694195e-06,-1,-0.00010821987861187043,-1,0,התייצב,Postverbal
0,-1,-1,0.13648477850397134,1,-2.155e-09,-1,-0.02702066678162246,-1,0,צורף,Postverbal
0,-10,-1,-0.06766954524541269,-1,-2.5034896000000005e-07,-1,0.011690036837594953,1,0,בא,Postverbal
0,-22,-1,0.020154672028968007,1,5.749060000000002e-07,1,0.002739213900403159,1,0,השתמש,Postverbal
0,-24,-1,0.035417873365779534,1,2.1935999999999992e-07,1,-0.0037640423455205796,-1,0,שהה,Postverbal
0,-13,-1,0.0138361089965124,1,1.390164e-07,1,0.0015384128259632313,1,0,הובא,Postverbal
0,-4,-1,-0.23721367764918316,-1,-6.6785033e-07,-1,-0.0018376214117602485,-1,0,רדף,Postverbal
0,-9,-1,0.22935003707624374,1,0.0045699771043,1,-0.004648657520552157,-1,0,ירה,Postverbal
0,0,0,-0.0769904230243845,-1,-2.6854999999999995e-07,-1,0.006116783181877972,1,0,הגיע,Postverbal
0,-6,-1,-0.09157140128693525,-1,1.229329895e-06,1,6.283350835728507e-05,1,0,עשה,Postverbal
0,1,1,0.04252291506767261,1,1.5183272399999999e-06,1,0.0053147470559876675,1,0,קיבל,Postverbal
0,-3,-1,-0.11550111741524527,-1,9.872576999999998e-06,1,0.0037140666219201424,1,-1,העניק,Postverbal
0,-21,-1,0.15427791940374294,1,4.3680000000000005e-08,1,0.00402694145272231,1,0,נבחר,Postverbal
0,-1,-1,0.07278165874081902,1,-6.13751e-06,-1,-0.003909770440898519,-1,0,התגורר,Postverbal
0,-1,-1,-0.1811210988154992,-1,0.00013628459999999999,1,0.007287466377462581,1,-1,הוטל,Postverbal
0,6,1,-0.029644846996693314,-1,6.626499543e-06,1,0.005433342570262734,1,0,הורשע,Postverbal
0,-4,-1,0.27511077071917106,1,4.62995e-06,1,0.000879076104935872,1,0,ערער,Postverbal
0,-20,-1,-0.10834558800267886,-1,8.1681e-07,1,-0.0012310101529308115,-1,0,הוזכר,Postverbal
0,-18,-1,-0.03733780823566128,-1,9.06905e-06,1,0.013260878214350957,1,-1,ניתן,Postverbal
0,-1,-1,0.03568073840166115,1,1.0308e-06,1,-0.0013604138814616307,-1,0,נמצא,Postverbal
0,1,1,0.009484778298164687,1,-2.620895e-06,-1,-0.018354316388937142,-1,0,צוטט,Postverbal
0,1,1,-0.2161516442109837,-1,9.292099999999999e-07,1,0.0052961590360357524,1,0,נפגש,Postverbal
0,-8,-1,0.09798154034328382,1,-3.598700000000001e-08,-1,0.004327380400648229,1,0,_,Postverbal
0,0,0,-0.014448141633456327,-1,-3.5722900000000006e-07,-1,0.002332695222810599,1,0,הגיע,Postverbal
0,0,0,0.02084484936485699,1,-6.2648099999999996e-06,-1,-0.000988087927741188,-1,0,הגיע,Postverbal
0,-1,-1,-0.038804038584510675,-1,9.138699999999998e-08,1,-0.0003530620564020648,-1,0,התנגד,Postverbal
0,-21,-1,-0.018546064391496087,-1,7.914576e-07,1,0.014028408647906665,1,0,נערך,Postverbal
0,-3,-1,0.03648328911366572,1,3.0485415000000005e-07,1,-0.006116031587215465,-1,0,השתתף,Postverbal
0,-1,-1,-0.34632249739976817,-1,1.8054000000000016e-07,1,0.0049606602869429195,1,0,נפגש,Postverbal
0,-3,-1,0.02399921095555496,1,-7.901505e-07,-1,-0.0037512651053420165,-1,0,שלח,Postverbal
0,-1,-1,0.0920640005286078,1,3.4777700000000003e-07,1,-0.004194024561008092,-1,0,חבר,Postverbal
0,0,0,-0.21865902862393716,-1,6.608599989499998e-05,1,0.04389356354801566,1,-1,הביא,Postverbal
0,-1,-1,-0.04237424336469633,-1,-3.90049895e-07,-1,0.0018873099570696494,1,0,הודה,Postverbal
0,1,1,0.05311247983816946,1,-5.3808e-08,-1,-0.00016750868918813389,-1,0,הלך,Postverbal
0,-4,-1,-0.03155555798596414,-1,-4.7161000000000005e-06,-1,0.000759768548374895,1,0,נכנס,Postverbal
0,2,1,-0.027038662495633775,-1,2.2452409999999998e-06,1,0.0006432016870669965,1,0,אירע,Postverbal
0,2,1,0.012949526911061937,1,-3.91373e-08,-1,0.009647893218303283,1,0,ירה,Postverbal
0,-1,-1,-0.007428802083921715,-1,-1.2554550000000001e-06,-1,-0.015775169020397772,-1,0,נפצע,Postverbal
0,-15,-1,0.1603853943405203,1,1.3186936000000003e-06,1,0.014015967740164281,1,0,הטיל,Postverbal
0,1,1,0.1424262045358781,1,4.1598e-08,1,0.002316596640528412,1,0,הוגש,Postverbal
0,-2,-1,-0.03848095281844369,-1,2.2844000000000003e-07,1,0.0008044441430586358,1,0,דן,Postverbal
0,1,1,-0.05735113874252536,-1,-2.49065e-07,-1,0.001384877184644806,1,0,קיצץ,Postverbal
0,0,0,0.06922543762299169,1,1.5795000000000006e-07,1,-0.0011091590057505374,-1,0,נע,Postverbal
0,5,1,0.00045920793533275883,1,-6.612333e-06,-1,-0.0007120348543214194,-1,0,נחלש,Postverbal
0,-5,-1,-0.08366765857401204,-1,3.6468599999999996e-07,1,-0.0032263912589127752,-1,0,ירד,Postverbal
0,-19,-1,0.0005802801692810777,1,3.6468599999999996e-07,1,-0.0012558205574796366,-1,0,נחלש,Postverbal
0,-8,-1,0.0003534400273629834,1,4.033212e-07,1,0.0015366974663938437,1,0,זכה,Postverbal
0,-4,-1,-0.02322062524151927,-1,3.2154e-08,1,-0.005788275023692224,-1,0,טיפס,Postverbal
0,-18,-1,-0.11806977777347893,-1,-5.12464e-07,-1,-0.017359631051052593,-1,0,התריע,Postverbal
0,7,1,0.27481548833930347,1,-2.30028e-06,-1,-0.004604763100324483,-1,1,עמד,Postverbal
0,-2,-1,-0.1336513972503135,-1,-0.00456951101,-1,-0.003018402519396668,-1,0,ניתח,Postverbal
0,-6,-1,-0.21274312977398066,-1,6.600452e-05,1,0.028757591402757132,1,-1,לקח,Postverbal
0,-5,-1,0.04622340806490921,1,9.3707e-08,1,-0.004062717372193381,-1,0,התנגד,Postverbal
0,-3,-1,0.10646287419643333,1,1.0027499929199999e-05,1,0.004525652605134933,1,-1,אפשר,Postverbal
0,4,1,0.0736271192910299,1,-3.199732e-08,-1,0.004112981474385602,1,0,צפה,Postverbal
0,-9,-1,0.039029864472808984,1,-3.57831e-07,-1,0.000808442822319011,1,0,התקיים,Postverbal
0,-8,-1,0.113106660093868,1,2.403914e-07,1,-0.003273550753979615,-1,0,נשאר,Postverbal
0,0,0,0.15282205997211604,1,1.2329860000000001e-06,1,-0.0004391413595128957,-1,0,ניסה,Postverbal
0,-5,-1,-0.33137542039963336,-1,1.1656800000000004e-07,1,-0.006056864723723965,-1,0,הגיע,Postverbal
0,0,0,-0.3476973119833311,-1,2.6261721199999997e-05,1,0.0043151406136862636,1,-1,הגיע,Postverbal
0,-10,-1,0.07813220643254132,1,4.36428826e-05,1,0.012063153421057016,1,-1,נתקל,Postverbal
0,-1,-1,0.10049777490943476,1,-3.2266399999999996e-07,-1,0.0031619444749535486,1,0,נחת,Postverbal
0,-2,-1,0.13679863123180735,1,2.272204e-07,1,0.00331320942457336,1,0,פגע,Postverbal
0,-2,-1,-0.05119268762429498,-1,4.3415e-07,1,0.0005515143175396364,1,0,התפרע,Postverbal
0,-3,-1,-0.15980997384851786,-1,-0.0,0,0.00622386466788033,1,0,ריסס,Postverbal
0,0,0,-0.06609729537350216,-1,1.05567e-06,1,0.0009658133285604387,1,0,קיים,Postverbal
0,-2,-1,-0.05452348191612083,-1,5.090100000000007e-09,1,-0.013515180824181905,-1,0,התכנס,Postverbal
0,-6,-1,0.01376204340837539,1,5.6483000000000025e-09,1,0.005461197173643018,1,0,התייחס,Postverbal
0,-6,-1,0.07782576531210046,1,5.7417599999999997e-08,1,0.0013504373885399046,1,0,הוציא,Postverbal
0,-1,-1,0.11887437756515691,1,6.734052e-06,1,-0.005696166668316238,-1,0,התאמן,Postverbal
0,0,0,0.12359092563975652,1,1.891292e-07,1,0.007058724740387878,1,0,צעד,Postverbal
0,1,1,-0.07767294355046665,-1,3.0618999999999996e-07,1,0.0020606441428863698,1,0,נמסר,Postverbal
0,-5,-1,0.23280551596182486,1,6.910132000000001e-07,1,0.016328655475397413,1,0,קיבל,Postverbal
0,4,1,-0.019877418145766282,-1,9.0888e-06,1,-0.00023010372155540804,-1,0,קיבל,Postverbal
0,-6,-1,-0.1570078124103777,-1,-4.3831500000000004e-07,-1,-0.0024787870221447683,-1,0,שכר,Postverbal
0,-4,-1,-0.3831193291841622,-1,-5.697855000000001e-07,-1,-0.006905793750151323,-1,0,שכר,Postverbal
0,-3,-1,-0.0013885692016981643,-1,3.60116e-07,1,-0.002170766980458594,-1,0,הורגש,Postverbal
0,7,1,0.01140676045223557,1,-3.656100000000001e-07,-1,0.00317487226693125,1,0,רכש,Postverbal
0,-8,-1,-0.0012004195416014723,-1,7.980000000000001e-08,1,0.006567777122502394,1,0,קיבל,Postverbal
0,-3,-1,-0.05390922257508089,-1,2.591455e-06,1,-0.0023651907654076987,-1,0,הגיע,Postverbal
0,7,1,0.027439282939178924,1,2.9032456e-06,1,0.016786200132281992,1,0,נותר,Postverbal
0,-2,-1,-0.2230102751793463,-1,1.3774599999999992e-07,1,-0.0022055985324155314,-1,-1,עקב,Postverbal
0,-3,-1,-0.020948996605050382,-1,-3.989936000000001e-06,-1,0.0020704336558208247,1,0,חזר,Postverbal
0,-3,-1,-0.06609126727889397,-1,3.1348988e-07,1,0.005809359263000358,1,0,המשיך,Postverbal
0,-6,-1,0.016641801535332096,1,9.212795999999999e-08,1,-0.0008663078871468666,-1,0,החזיר,Postverbal
0,-1,-1,-0.07663237316140893,-1,-3.7738740000000006e-07,-1,-0.0011882513295377595,-1,0,צמצם,Postverbal
0,-6,-1,-0.009980290188275766,-1,-1.9844999999999987e-07,-1,0.00020374543085860397,1,0,קידם,Postverbal
0,0,0,0.033684107014195566,1,-2.2393000000000007e-07,-1,-0.003912012886934324,-1,0,ניצח,Postverbal
0,-12,-1,0.15723933934998163,1,6.346151999999999e-07,1,0.005624523573798612,1,0,עלה,Postverbal
0,-3,-1,0.16470151172727587,1,1.2567499791000002e-06,1,0.007237888700865447,1,0,נוצח,Postverbal
0,0,0,-0.09672221286733837,-1,-1.6932989999999997e-06,-1,0.0020517456534338008,1,0,הצטרף,Postverbal
0,-2,-1,0.08296547253495712,1,8.318e-08,1,-0.0009530118897814188,-1,0,עזר,Postverbal
0,-8,-1,0.05697595182284734,1,1.2822400000000008e-07,1,-0.0012274383646890263,-1,0,ציפה,Postverbal
0,-3,-1,0.002824817196334095,1,-1.011605e-05,-1,-0.01630155232883279,-1,0,קרא,Postverbal
0,0,0,-0.06641058568252049,-1,-6.15924e-08,-1,0.008325309528524505,1,0,הוביל,Postverbal
